PID,USER,PR,NI,VIRT,RES,SHR,S,%CPU,%MEM,TIME+,COMMAND,Energy
8893,alejand+,20,0,1529796,113476,87940,S,0.0,0.7,0:00.21,turtles+,0.0
8893,alejand+,20,0,1529796,113476,87940,S,2.0,0.7,0:00.23,turtles+,0.0014
8893,alejand+,20,0,1529796,113476,87940,S,2.0,0.7,0:00.25,turtles+,0.0014
8893,alejand+,20,0,1529796,113476,87940,S,1.0,0.7,0:00.26,turtles+,0.0007
8893,alejand+,20,0,1529796,113476,87940,S,4.0,0.7,0:00.30,turtles+,0.0028
8893,alejand+,20,0,1529796,113476,87940,S,2.0,0.7,0:00.32,turtles+,0.0014
8893,alejand+,20,0,1529796,113476,87940,S,2.0,0.7,0:00.34,turtles+,0.0014
8893,alejand+,20,0,1529796,113476,87940,S,3.0,0.7,0:00.37,turtles+,0.0020999999999999994
8893,alejand+,20,0,1529796,113476,87940,S,1.0,0.7,0:00.38,turtles+,0.0007
8893,alejand+,20,0,1529796,113476,87940,S,3.0,0.7,0:00.41,turtles+,0.0020999999999999994
8893,alejand+,20,0,1529796,113476,87940,S,1.0,0.7,0:00.42,turtles+,0.0007
8893,alejand+,20,0,1529796,113628,88004,S,3.0,0.7,0:00.45,turtles+,0.0020999999999999994
8893,alejand+,20,0,1529796,113628,88004,S,3.0,0.7,0:00.48,turtles+,0.0020999999999999994
8893,alejand+,20,0,1529796,113628,88004,S,1.0,0.7,0:00.49,turtles+,0.0007
8893,alejand+,20,0,1529796,113628,88004,S,2.0,0.7,0:00.51,turtles+,0.0014
8893,alejand+,20,0,1529796,113628,88004,S,2.0,0.7,0:00.53,turtles+,0.0014
8893,alejand+,20,0,1529796,113628,88004,S,2.0,0.7,0:00.55,turtles+,0.0014
8893,alejand+,20,0,1529796,113628,88004,S,2.0,0.7,0:00.57,turtles+,0.0014
8893,alejand+,20,0,1529796,113628,88004,S,3.0,0.7,0:00.60,turtles+,0.0020999999999999994
8893,alejand+,20,0,1529796,113628,88004,R,2.0,0.7,0:00.62,turtles+,0.0014
8893,alejand+,20,0,1529796,113628,88004,S,2.0,0.7,0:00.64,turtles+,0.0014
8893,alejand+,20,0,1529796,113628,88004,S,2.0,0.7,0:00.66,turtles+,0.0014
8893,alejand+,20,0,1529796,113628,88004,S,2.0,0.7,0:00.68,turtles+,0.0014
8893,alejand+,20,0,1661512,113848,88172,S,3.0,0.7,0:00.71,turtles+,0.0020999999999999994
8893,alejand+,20,0,1727048,113848,88172,S,1.0,0.7,0:00.72,turtles+,0.0007
8893,alejand+,20,0,1727048,113848,88172,S,4.0,0.7,0:00.76,turtles+,0.0028
8893,alejand+,20,0,1727048,113848,88172,S,2.0,0.7,0:00.78,turtles+,0.0014
8893,alejand+,20,0,1727048,113848,88172,S,6.0,0.7,0:00.84,turtles+,0.004199999999999999
8893,alejand+,20,0,1727048,113848,88172,S,9.0,0.7,0:00.93,turtles+,0.0063
8893,alejand+,20,0,1727048,113848,88172,S,6.9,0.7,0:01.00,turtles+,0.00483
8893,alejand+,20,0,1727048,113848,88172,S,9.0,0.7,0:01.09,turtles+,0.0063
8893,alejand+,20,0,1727048,113848,88172,S,7.0,0.7,0:01.16,turtles+,0.0049
8893,alejand+,20,0,1727048,113848,88172,S,9.0,0.7,0:01.25,turtles+,0.0063
8893,alejand+,20,0,1727048,113848,88172,S,8.0,0.7,0:01.33,turtles+,0.0056
8893,alejand+,20,0,1727048,113848,88172,S,8.0,0.7,0:01.41,turtles+,0.0056
8893,alejand+,20,0,1727048,113848,88172,S,8.9,0.7,0:01.50,turtles+,0.006229999999999999
8893,alejand+,20,0,1727048,113848,88172,S,9.0,0.7,0:01.59,turtles+,0.0063
8893,alejand+,20,0,1727048,113848,88172,S,7.0,0.7,0:01.66,turtles+,0.0049
8893,alejand+,20,0,1727048,113848,88172,S,9.0,0.7,0:01.75,turtles+,0.0063
8893,alejand+,20,0,1727048,113848,88172,S,8.0,0.7,0:01.83,turtles+,0.0056
8893,alejand+,20,0,1727048,113848,88172,S,9.0,0.7,0:01.92,turtles+,0.0063
8893,alejand+,20,0,1727048,113848,88172,S,9.0,0.7,0:02.01,turtles+,0.0063
8893,alejand+,20,0,1727048,113848,88172,S,9.9,0.7,0:02.11,turtles+,0.0069299999999999995
8893,alejand+,20,0,1727048,113848,88172,S,10.0,0.7,0:02.21,turtles+,0.007
8893,alejand+,20,0,1727048,113848,88172,S,5.0,0.7,0:02.26,turtles+,0.0035
8893,alejand+,20,0,1727048,113848,88172,S,3.0,0.7,0:02.29,turtles+,0.0020999999999999994
8893,alejand+,20,0,1727048,113848,88172,S,8.0,0.7,0:02.37,turtles+,0.0056
8893,alejand+,20,0,1727048,113848,88172,S,9.0,0.7,0:02.46,turtles+,0.0063
8893,alejand+,20,0,1727048,113848,88172,S,8.9,0.7,0:02.55,turtles+,0.006229999999999999
8893,alejand+,20,0,1727048,113848,88172,S,8.0,0.7,0:02.63,turtles+,0.0056
8893,alejand+,20,0,1727048,113848,88172,S,10.0,0.7,0:02.73,turtles+,0.007
8893,alejand+,20,0,1727048,113848,88172,S,9.0,0.7,0:02.82,turtles+,0.0063
8893,alejand+,20,0,1727048,113848,88172,S,10.0,0.7,0:02.92,turtles+,0.007
8893,alejand+,20,0,1727048,113848,88172,S,9.0,0.7,0:03.01,turtles+,0.0063
8893,alejand+,20,0,1727048,113848,88172,S,9.9,0.7,0:03.11,turtles+,0.0069299999999999995
8893,alejand+,20,0,1727048,113848,88172,S,10.0,0.7,0:03.21,turtles+,0.007
8893,alejand+,20,0,1727048,113848,88172,R,9.0,0.7,0:03.30,turtles+,0.0063
8893,alejand+,20,0,1727048,113848,88172,S,8.0,0.7,0:03.38,turtles+,0.0056
8893,alejand+,20,0,1727048,113848,88172,S,9.0,0.7,0:03.47,turtles+,0.0063
8893,alejand+,20,0,1727048,113848,88172,S,9.0,0.7,0:03.56,turtles+,0.0063
8893,alejand+,20,0,1727048,113848,88172,S,9.9,0.7,0:03.66,turtles+,0.0069299999999999995
8893,alejand+,20,0,1727048,113848,88172,S,9.0,0.7,0:03.75,turtles+,0.0063
8893,alejand+,20,0,1727048,113848,88172,S,8.0,0.7,0:03.83,turtles+,0.0056
8893,alejand+,20,0,1727048,113848,88172,S,10.0,0.7,0:03.93,turtles+,0.007
8893,alejand+,20,0,1727048,113848,88172,S,8.0,0.7,0:04.01,turtles+,0.0056
8893,alejand+,20,0,1727048,113848,88172,S,10.0,0.7,0:04.11,turtles+,0.007
8893,alejand+,20,0,1727048,113848,88172,R,8.0,0.7,0:04.19,turtles+,0.0056
8893,alejand+,20,0,1727048,113848,88172,S,10.0,0.7,0:04.29,turtles+,0.007
8893,alejand+,20,0,1727048,113848,88172,S,8.9,0.7,0:04.38,turtles+,0.006229999999999999
8893,alejand+,20,0,1727048,113848,88172,S,8.0,0.7,0:04.46,turtles+,0.0056
8893,alejand+,20,0,1727048,113848,88172,S,10.0,0.7,0:04.56,turtles+,0.007
8893,alejand+,20,0,1727048,113848,88172,R,8.0,0.7,0:04.64,turtles+,0.0056
8893,alejand+,20,0,1727048,113848,88172,S,9.0,0.7,0:04.73,turtles+,0.0063
8893,alejand+,20,0,1727048,113848,88172,S,9.0,0.7,0:04.82,turtles+,0.0063
8893,alejand+,20,0,1727048,113848,88172,S,10.9,0.7,0:04.93,turtles+,0.00763
8893,alejand+,20,0,1727048,113848,88172,S,9.0,0.7,0:05.02,turtles+,0.0063
8893,alejand+,20,0,1727048,113848,88172,R,8.0,0.7,0:05.10,turtles+,0.0056
8893,alejand+,20,0,1727048,113848,88172,S,11.0,0.7,0:05.21,turtles+,0.007699999999999999
8893,alejand+,20,0,1727048,113848,88172,R,10.0,0.7,0:05.31,turtles+,0.007
8893,alejand+,20,0,1727048,113848,88172,S,9.0,0.7,0:05.40,turtles+,0.0063
8893,alejand+,20,0,1727048,113848,88172,S,9.0,0.7,0:05.49,turtles+,0.0063
8893,alejand+,20,0,1727048,113848,88172,S,9.9,0.7,0:05.59,turtles+,0.0069299999999999995
8893,alejand+,20,0,1727048,113848,88172,S,9.0,0.7,0:05.68,turtles+,0.0063
8893,alejand+,20,0,1727048,113848,88172,S,10.0,0.7,0:05.78,turtles+,0.007
8893,alejand+,20,0,1727048,113848,88172,S,11.0,0.7,0:05.89,turtles+,0.007699999999999999
8893,alejand+,20,0,1727048,113848,88172,S,9.0,0.7,0:05.98,turtles+,0.0063
8893,alejand+,20,0,1727048,113848,88172,S,9.0,0.7,0:06.07,turtles+,0.0063
8893,alejand+,20,0,1727048,113848,88172,S,9.9,0.7,0:06.17,turtles+,0.0069299999999999995
8893,alejand+,20,0,1727048,113848,88172,S,10.0,0.7,0:06.27,turtles+,0.007
8893,alejand+,20,0,1727048,113848,88172,S,10.0,0.7,0:06.37,turtles+,0.007
8893,alejand+,20,0,1727048,113848,88172,S,9.0,0.7,0:06.46,turtles+,0.0063
8893,alejand+,20,0,1727048,113848,88172,S,9.0,0.7,0:06.55,turtles+,0.0063
8893,alejand+,20,0,1727048,113848,88172,S,9.0,0.7,0:06.64,turtles+,0.0063
8893,alejand+,20,0,1727048,113848,88172,R,9.0,0.7,0:06.73,turtles+,0.0063
8893,alejand+,20,0,1727048,113848,88172,S,9.9,0.7,0:06.83,turtles+,0.0069299999999999995
8893,alejand+,20,0,1727048,113848,88172,S,10.0,0.7,0:06.93,turtles+,0.007
8893,alejand+,20,0,1727048,113848,88172,S,10.0,0.7,0:07.03,turtles+,0.007
8893,alejand+,20,0,1727048,113848,88172,S,10.0,0.7,0:07.13,turtles+,0.007
8893,alejand+,20,0,1727048,113848,88172,R,9.0,0.7,0:07.22,turtles+,0.0063
8893,alejand+,20,0,1727048,113848,88172,S,10.0,0.7,0:07.32,turtles+,0.007
8893,alejand+,20,0,1727048,113848,88172,S,9.0,0.7,0:07.41,turtles+,0.0063
8893,alejand+,20,0,1727048,113848,88172,S,9.9,0.7,0:07.51,turtles+,0.0069299999999999995
8893,alejand+,20,0,1727048,113848,88172,S,10.0,0.7,0:07.61,turtles+,0.007
8893,alejand+,20,0,1727048,113848,88172,R,10.0,0.7,0:07.71,turtles+,0.007
8893,alejand+,20,0,1727048,113848,88172,S,9.0,0.7,0:07.80,turtles+,0.0063
8893,alejand+,20,0,1727048,113848,88172,S,8.0,0.7,0:07.88,turtles+,0.0056
8893,alejand+,20,0,1727048,113848,88172,S,9.0,0.7,0:07.97,turtles+,0.0063
8893,alejand+,20,0,1727048,113848,88172,S,10.0,0.7,0:08.07,turtles+,0.007
8893,alejand+,20,0,1727048,113848,88172,S,10.9,0.7,0:08.18,turtles+,0.00763
8893,alejand+,20,0,1727048,113848,88172,S,9.0,0.7,0:08.27,turtles+,0.0063
8893,alejand+,20,0,1727048,113848,88172,R,10.0,0.7,0:08.37,turtles+,0.007
8893,alejand+,20,0,1727048,113848,88172,S,9.0,0.7,0:08.46,turtles+,0.0063
8893,alejand+,20,0,1727048,113848,88172,S,10.0,0.7,0:08.56,turtles+,0.007
8893,alejand+,20,0,1727048,113848,88172,S,11.0,0.7,0:08.67,turtles+,0.007699999999999999
8893,alejand+,20,0,1727048,113848,88172,S,10.0,0.7,0:08.77,turtles+,0.007
8893,alejand+,20,0,1727048,113848,88172,R,9.9,0.7,0:08.87,turtles+,0.0069299999999999995
8893,alejand+,20,0,1727048,113848,88172,S,9.0,0.7,0:08.96,turtles+,0.0063
8893,alejand+,20,0,1727048,113848,88172,S,10.0,0.7,0:09.06,turtles+,0.007
8893,alejand+,20,0,1727048,113848,88172,S,10.0,0.7,0:09.16,turtles+,0.007
8893,alejand+,20,0,1727048,113848,88172,S,9.0,0.7,0:09.25,turtles+,0.0063
8893,alejand+,20,0,1727048,113848,88172,R,10.0,0.7,0:09.35,turtles+,0.007
8893,alejand+,20,0,1727048,113848,88172,S,9.9,0.7,0:09.45,turtles+,0.0069299999999999995
8893,alejand+,20,0,1727048,113848,88172,S,10.0,0.7,0:09.55,turtles+,0.007
8893,alejand+,20,0,1727048,113848,88172,S,9.0,0.7,0:09.64,turtles+,0.0063
8893,alejand+,20,0,1727048,113848,88172,S,9.0,0.7,0:09.73,turtles+,0.0063
8893,alejand+,20,0,1727048,113848,88172,R,10.0,0.7,0:09.83,turtles+,0.007
8893,alejand+,20,0,1727048,113848,88172,S,11.0,0.7,0:09.94,turtles+,0.007699999999999999
8893,alejand+,20,0,1727048,113848,88172,S,10.0,0.7,0:10.04,turtles+,0.007
8893,alejand+,20,0,1727048,113848,88172,S,9.9,0.7,0:10.14,turtles+,0.0069299999999999995
8893,alejand+,20,0,1727048,113848,88172,S,10.0,0.7,0:10.24,turtles+,0.007
8893,alejand+,20,0,1727048,113848,88172,S,10.0,0.7,0:10.34,turtles+,0.007
8893,alejand+,20,0,1727048,113848,88172,S,10.0,0.7,0:10.44,turtles+,0.007
8893,alejand+,20,0,1727048,113848,88172,R,10.0,0.7,0:10.54,turtles+,0.007
8893,alejand+,20,0,1727048,113848,88172,S,10.0,0.7,0:10.64,turtles+,0.007
8893,alejand+,20,0,1727048,113848,88172,S,10.0,0.7,0:10.74,turtles+,0.007
8893,alejand+,20,0,1727048,113848,88172,S,9.9,0.7,0:10.84,turtles+,0.0069299999999999995
8893,alejand+,20,0,1727048,113848,88172,S,10.0,0.7,0:10.94,turtles+,0.007
8893,alejand+,20,0,1727048,113848,88172,R,11.0,0.7,0:11.05,turtles+,0.007699999999999999
8893,alejand+,20,0,1727048,113848,88172,S,10.0,0.7,0:11.15,turtles+,0.007
8893,alejand+,20,0,1727048,113848,88172,S,10.0,0.7,0:11.25,turtles+,0.007
8893,alejand+,20,0,1727048,113848,88172,S,10.0,0.7,0:11.35,turtles+,0.007
8893,alejand+,20,0,1727048,113848,88172,S,11.0,0.7,0:11.46,turtles+,0.007699999999999999
8893,alejand+,20,0,1727048,113848,88172,S,10.0,0.7,0:11.56,turtles+,0.007
8893,alejand+,20,0,1727048,113848,88172,S,9.9,0.7,0:11.66,turtles+,0.0069299999999999995
8893,alejand+,20,0,1727048,113848,88172,S,10.0,0.7,0:11.76,turtles+,0.007
8893,alejand+,20,0,1727048,113848,88172,S,11.0,0.7,0:11.87,turtles+,0.007699999999999999
8893,alejand+,20,0,1727048,113848,88172,S,10.0,0.7,0:11.97,turtles+,0.007
8893,alejand+,20,0,1727048,113848,88172,S,11.0,0.7,0:12.08,turtles+,0.007699999999999999
8893,alejand+,20,0,1727048,113848,88172,S,10.0,0.7,0:12.18,turtles+,0.007
8893,alejand+,20,0,1727048,113848,88172,R,11.0,0.7,0:12.29,turtles+,0.007699999999999999
8893,alejand+,20,0,1727048,113848,88172,S,9.9,0.7,0:12.39,turtles+,0.0069299999999999995
8893,alejand+,20,0,1727048,113848,88172,S,10.0,0.7,0:12.49,turtles+,0.007
8893,alejand+,20,0,1727048,113848,88172,S,10.0,0.7,0:12.59,turtles+,0.007
8893,alejand+,20,0,1727048,113848,88172,S,11.0,0.7,0:12.70,turtles+,0.007699999999999999
8893,alejand+,20,0,1727048,113848,88172,R,10.0,0.7,0:12.80,turtles+,0.007
8893,alejand+,20,0,1727048,113848,88172,S,11.0,0.7,0:12.91,turtles+,0.007699999999999999
8893,alejand+,20,0,1727048,113848,88172,S,11.0,0.7,0:13.02,turtles+,0.007699999999999999
8893,alejand+,20,0,1727048,113848,88172,S,10.9,0.7,0:13.13,turtles+,0.00763
8893,alejand+,20,0,1727048,113848,88172,S,11.0,0.7,0:13.24,turtles+,0.007699999999999999
8893,alejand+,20,0,1727048,113848,88172,R,10.0,0.7,0:13.34,turtles+,0.007
8893,alejand+,20,0,1727048,113848,88172,S,11.0,0.7,0:13.45,turtles+,0.007699999999999999
8893,alejand+,20,0,1727048,113848,88172,S,11.0,0.7,0:13.56,turtles+,0.007699999999999999
8893,alejand+,20,0,1727048,113848,88172,S,11.0,0.7,0:13.67,turtles+,0.007699999999999999
8893,alejand+,20,0,1727048,113848,88172,S,9.9,0.7,0:13.77,turtles+,0.0069299999999999995
8893,alejand+,20,0,1727048,113848,88172,S,11.0,0.7,0:13.88,turtles+,0.007699999999999999
8893,alejand+,20,0,1727048,113848,88172,S,10.0,0.7,0:13.98,turtles+,0.007
8893,alejand+,20,0,1727048,113848,88172,S,12.0,0.7,0:14.10,turtles+,0.008399999999999998
8893,alejand+,20,0,1727048,113848,88172,S,11.0,0.7,0:14.21,turtles+,0.007699999999999999
8893,alejand+,20,0,1727048,113848,88172,S,11.0,0.7,0:14.32,turtles+,0.007699999999999999
8893,alejand+,20,0,1727048,113848,88172,S,10.0,0.7,0:14.42,turtles+,0.007
8893,alejand+,20,0,1727048,113848,88172,S,11.0,0.7,0:14.53,turtles+,0.007699999999999999
8893,alejand+,20,0,1727048,113848,88172,R,10.9,0.7,0:14.64,turtles+,0.00763
8893,alejand+,20,0,1727048,113848,88172,S,11.0,0.7,0:14.75,turtles+,0.007699999999999999
8893,alejand+,20,0,1727048,113848,88172,S,10.0,0.7,0:14.85,turtles+,0.007
8893,alejand+,20,0,1727048,113848,88172,S,11.0,0.7,0:14.96,turtles+,0.007699999999999999
8893,alejand+,20,0,1727048,113848,88172,S,12.0,0.7,0:15.08,turtles+,0.008399999999999998
8893,alejand+,20,0,1727048,113848,88172,R,11.0,0.7,0:15.19,turtles+,0.007699999999999999
8893,alejand+,20,0,1727048,113848,88172,S,10.9,0.7,0:15.30,turtles+,0.00763
8893,alejand+,20,0,1727048,113848,88172,S,11.0,0.7,0:15.41,turtles+,0.007699999999999999
8893,alejand+,20,0,1727048,113848,88172,S,11.0,0.7,0:15.52,turtles+,0.007699999999999999
8893,alejand+,20,0,1727048,113848,88172,S,12.0,0.7,0:15.64,turtles+,0.008399999999999998
8893,alejand+,20,0,1727048,113848,88172,S,12.0,0.7,0:15.76,turtles+,0.008399999999999998
8893,alejand+,20,0,1727048,113848,88172,S,11.0,0.7,0:15.87,turtles+,0.007699999999999999
8893,alejand+,20,0,1727048,113848,88172,S,11.0,0.7,0:15.98,turtles+,0.007699999999999999
8893,alejand+,20,0,1727048,113848,88172,S,11.0,0.7,0:16.09,turtles+,0.007699999999999999
8893,alejand+,20,0,1727048,113848,88172,S,10.9,0.7,0:16.20,turtles+,0.00763
8893,alejand+,20,0,1727048,113848,88172,S,12.0,0.7,0:16.32,turtles+,0.008399999999999998
8893,alejand+,20,0,1727048,113848,88172,S,11.0,0.7,0:16.43,turtles+,0.007699999999999999
8893,alejand+,20,0,1727048,113848,88172,R,12.0,0.7,0:16.55,turtles+,0.008399999999999998
8893,alejand+,20,0,1727048,113848,88172,S,12.0,0.7,0:16.67,turtles+,0.008399999999999998
8893,alejand+,20,0,1727048,113848,88172,S,13.0,0.7,0:16.80,turtles+,0.0091
8893,alejand+,20,0,1727048,113848,88172,S,11.0,0.7,0:16.91,turtles+,0.007699999999999999
8893,alejand+,20,0,1727048,113848,88172,S,11.9,0.7,0:17.03,turtles+,0.00833
8893,alejand+,20,0,1727048,113848,88172,S,11.0,0.7,0:17.14,turtles+,0.007699999999999999
8893,alejand+,20,0,1727048,113848,88172,S,10.0,0.7,0:17.24,turtles+,0.007
8893,alejand+,20,0,1727048,113848,88172,S,11.0,0.7,0:17.35,turtles+,0.007699999999999999
8893,alejand+,20,0,1727048,113848,88172,S,12.0,0.7,0:17.47,turtles+,0.008399999999999998
8893,alejand+,20,0,1727048,113848,88172,S,11.0,0.7,0:17.58,turtles+,0.007699999999999999
8893,alejand+,20,0,1727048,113848,88172,S,12.0,0.7,0:17.70,turtles+,0.008399999999999998
8893,alejand+,20,0,1727048,113848,88172,S,13.0,0.7,0:17.83,turtles+,0.0091
8893,alejand+,20,0,1727048,113848,88172,R,10.9,0.7,0:17.94,turtles+,0.00763
8893,alejand+,20,0,1727048,113848,88172,S,12.0,0.7,0:18.06,turtles+,0.008399999999999998
8893,alejand+,20,0,1727048,113848,88172,S,11.0,0.7,0:18.17,turtles+,0.007699999999999999
8893,alejand+,20,0,1727048,113848,88172,S,11.0,0.7,0:18.28,turtles+,0.007699999999999999
8893,alejand+,20,0,1727048,113848,88172,S,10.0,0.7,0:18.38,turtles+,0.007
8893,alejand+,20,0,1727048,113848,88172,R,12.0,0.7,0:18.50,turtles+,0.008399999999999998
8893,alejand+,20,0,1727048,113848,88172,S,12.0,0.7,0:18.62,turtles+,0.008399999999999998
8893,alejand+,20,0,1727048,113848,88172,S,11.9,0.7,0:18.74,turtles+,0.00833
8893,alejand+,20,0,1727048,113848,88172,S,8.0,0.7,0:18.82,turtles+,0.0056
8893,alejand+,20,0,1727048,113848,88172,S,10.0,0.7,0:18.92,turtles+,0.007
8893,alejand+,20,0,1727048,113848,88172,R,11.0,0.7,0:19.03,turtles+,0.007699999999999999
8893,alejand+,20,0,1727048,113848,88172,S,13.0,0.7,0:19.16,turtles+,0.0091
8893,alejand+,20,0,1727048,113848,88172,S,12.0,0.7,0:19.28,turtles+,0.008399999999999998
8893,alejand+,20,0,1727048,113848,88172,S,9.9,0.7,0:19.38,turtles+,0.0069299999999999995
8893,alejand+,20,0,1727048,113848,88172,S,11.0,0.7,0:19.49,turtles+,0.007699999999999999
8893,alejand+,20,0,1727048,113848,88172,S,13.0,0.7,0:19.62,turtles+,0.0091
8893,alejand+,20,0,1727048,113848,88172,S,10.0,0.7,0:19.72,turtles+,0.007
8893,alejand+,20,0,1727048,113848,88172,S,11.0,0.7,0:19.83,turtles+,0.007699999999999999
8893,alejand+,20,0,1727048,113848,88172,S,13.0,0.7,0:19.96,turtles+,0.0091
8893,alejand+,20,0,1727048,113848,88172,S,11.9,0.7,0:20.08,turtles+,0.00833
8893,alejand+,20,0,1727048,113848,88172,S,12.0,0.7,0:20.20,turtles+,0.008399999999999998
8893,alejand+,20,0,1727048,113848,88172,S,12.0,0.7,0:20.32,turtles+,0.008399999999999998
8893,alejand+,20,0,1727048,113848,88172,S,8.0,0.7,0:20.40,turtles+,0.0056
8893,alejand+,20,0,1727048,113848,88172,S,12.0,0.7,0:20.52,turtles+,0.008399999999999998
8893,alejand+,20,0,1727048,113848,88172,S,11.0,0.7,0:20.63,turtles+,0.007699999999999999
8893,alejand+,20,0,1727048,113848,88172,R,9.9,0.7,0:20.73,turtles+,0.0069299999999999995
8893,alejand+,20,0,1727048,113848,88172,S,12.0,0.7,0:20.85,turtles+,0.008399999999999998
8893,alejand+,20,0,1727048,113848,88172,S,12.0,0.7,0:20.97,turtles+,0.008399999999999998
8893,alejand+,20,0,1727048,113848,88172,S,12.0,0.7,0:21.09,turtles+,0.008399999999999998
8893,alejand+,20,0,1727048,113848,88172,S,10.0,0.7,0:21.19,turtles+,0.007
8893,alejand+,20,0,1727048,113848,88172,R,12.0,0.7,0:21.31,turtles+,0.008399999999999998
8893,alejand+,20,0,1727048,113848,88172,S,10.9,0.7,0:21.42,turtles+,0.00763
8893,alejand+,20,0,1727048,113848,88172,S,13.0,0.7,0:21.55,turtles+,0.0091
8893,alejand+,20,0,1727048,113848,88172,S,11.0,0.7,0:21.66,turtles+,0.007699999999999999
8893,alejand+,20,0,1727048,113848,88172,S,12.0,0.7,0:21.78,turtles+,0.008399999999999998
8893,alejand+,20,0,1727048,113848,88172,S,12.0,0.7,0:21.90,turtles+,0.008399999999999998
8893,alejand+,20,0,1727048,113848,88172,S,11.0,0.7,0:22.01,turtles+,0.007699999999999999
8893,alejand+,20,0,1727048,113848,88172,S,12.0,0.7,0:22.13,turtles+,0.008399999999999998
8893,alejand+,20,0,1727048,113848,88172,S,11.0,0.7,0:22.24,turtles+,0.007699999999999999
8893,alejand+,20,0,1727048,113848,88172,S,11.9,0.7,0:22.36,turtles+,0.00833
8893,alejand+,20,0,1727048,113848,88172,S,12.0,0.7,0:22.48,turtles+,0.008399999999999998
8893,alejand+,20,0,1727048,113848,88172,S,11.0,0.7,0:22.59,turtles+,0.007699999999999999
8893,alejand+,20,0,1727048,113848,88172,S,12.0,0.7,0:22.71,turtles+,0.008399999999999998
8893,alejand+,20,0,1727048,113848,88172,S,12.0,0.7,0:22.83,turtles+,0.008399999999999998
8893,alejand+,20,0,1727048,113848,88172,S,11.0,0.7,0:22.94,turtles+,0.007699999999999999
8893,alejand+,20,0,1727048,113848,88172,S,13.0,0.7,0:23.07,turtles+,0.0091
8893,alejand+,20,0,1727048,113848,88172,S,10.9,0.7,0:23.18,turtles+,0.00763
8893,alejand+,20,0,1727048,113848,88172,R,12.0,0.7,0:23.30,turtles+,0.008399999999999998
8893,alejand+,20,0,1727048,113848,88172,S,12.0,0.7,0:23.42,turtles+,0.008399999999999998
8893,alejand+,20,0,1727048,113848,88172,S,11.0,0.7,0:23.53,turtles+,0.007699999999999999
8893,alejand+,20,0,1727048,113848,88172,S,12.0,0.7,0:23.65,turtles+,0.008399999999999998
8893,alejand+,20,0,1727048,113848,88172,S,12.0,0.7,0:23.77,turtles+,0.008399999999999998
8893,alejand+,20,0,1727048,113848,88172,S,11.0,0.7,0:23.88,turtles+,0.007699999999999999
8893,alejand+,20,0,1727048,113848,88172,S,11.9,0.7,0:24.00,turtles+,0.00833
8893,alejand+,20,0,1727048,113848,88172,S,13.0,0.7,0:24.13,turtles+,0.0091
8893,alejand+,20,0,1727048,113848,88172,S,12.0,0.7,0:24.25,turtles+,0.008399999999999998
8893,alejand+,20,0,1727048,113848,88172,S,11.0,0.7,0:24.36,turtles+,0.007699999999999999
8893,alejand+,20,0,1727048,113848,88172,S,12.0,0.7,0:24.48,turtles+,0.008399999999999998
8893,alejand+,20,0,1727048,113848,88172,S,12.0,0.7,0:24.60,turtles+,0.008399999999999998
8893,alejand+,20,0,1727048,113848,88172,R,13.0,0.7,0:24.73,turtles+,0.0091
8893,alejand+,20,0,1727048,113848,88172,S,9.9,0.7,0:24.83,turtles+,0.0069299999999999995
8893,alejand+,20,0,1727048,113848,88172,S,12.0,0.7,0:24.95,turtles+,0.008399999999999998
8893,alejand+,20,0,1727048,113848,88172,S,11.0,0.7,0:25.06,turtles+,0.007699999999999999
8893,alejand+,20,0,1727048,113848,88172,S,12.0,0.7,0:25.18,turtles+,0.008399999999999998
8893,alejand+,20,0,1727048,113848,88172,S,13.0,0.7,0:25.31,turtles+,0.0091
8893,alejand+,20,0,1727048,113848,88172,S,11.0,0.7,0:25.42,turtles+,0.007699999999999999
8893,alejand+,20,0,1727048,113848,88172,S,12.9,0.7,0:25.55,turtles+,0.00903
8893,alejand+,20,0,1727048,113848,88172,S,11.0,0.7,0:25.66,turtles+,0.007699999999999999
8893,alejand+,20,0,1727048,113848,88172,S,12.0,0.7,0:25.78,turtles+,0.008399999999999998
8893,alejand+,20,0,1727048,113848,88172,S,13.0,0.7,0:25.91,turtles+,0.0091
8893,alejand+,20,0,1727048,113848,88172,S,12.0,0.7,0:26.03,turtles+,0.008399999999999998
8893,alejand+,20,0,1727048,113848,88172,S,11.0,0.7,0:26.14,turtles+,0.007699999999999999
8893,alejand+,20,0,1727048,113848,88172,S,12.0,0.7,0:26.26,turtles+,0.008399999999999998
8893,alejand+,20,0,1727048,113848,88172,S,11.9,0.7,0:26.38,turtles+,0.00833
8893,alejand+,20,0,1727048,113848,88172,R,12.0,0.7,0:26.50,turtles+,0.008399999999999998
8893,alejand+,20,0,1727048,113848,88172,S,12.0,0.7,0:26.62,turtles+,0.008399999999999998
8893,alejand+,20,0,1727048,113848,88172,S,12.0,0.7,0:26.74,turtles+,0.008399999999999998
8893,alejand+,20,0,1727048,113848,88172,S,11.0,0.7,0:26.85,turtles+,0.007699999999999999
8893,alejand+,20,0,1727048,113848,88172,S,13.0,0.7,0:26.98,turtles+,0.0091
8893,alejand+,20,0,1727048,113848,88172,R,12.9,0.7,0:27.11,turtles+,0.00903
8893,alejand+,20,0,1727048,113848,88172,S,12.0,0.7,0:27.23,turtles+,0.008399999999999998
8893,alejand+,20,0,1727048,113848,88172,S,11.0,0.7,0:27.34,turtles+,0.007699999999999999
8893,alejand+,20,0,1727048,113848,88172,S,12.0,0.7,0:27.46,turtles+,0.008399999999999998
8893,alejand+,20,0,1727048,113848,88172,S,13.0,0.7,0:27.59,turtles+,0.0091
8893,alejand+,20,0,1727048,113848,88172,R,11.0,0.7,0:27.70,turtles+,0.007699999999999999
8893,alejand+,20,0,1727048,113848,88172,S,12.9,0.7,0:27.83,turtles+,0.00903
8893,alejand+,20,0,1727048,113848,88172,S,12.0,0.7,0:27.95,turtles+,0.008399999999999998
8893,alejand+,20,0,1727048,113848,88172,S,13.0,0.7,0:28.08,turtles+,0.0091
8893,alejand+,20,0,1727048,113848,88172,S,13.0,0.7,0:28.21,turtles+,0.0091
8893,alejand+,20,0,1727048,113848,88172,R,11.0,0.7,0:28.32,turtles+,0.007699999999999999
8893,alejand+,20,0,1727048,113848,88172,S,13.0,0.7,0:28.45,turtles+,0.0091
8893,alejand+,20,0,1727048,113848,88172,S,11.0,0.7,0:28.56,turtles+,0.007699999999999999
8893,alejand+,20,0,1727048,113848,88172,S,11.9,0.7,0:28.68,turtles+,0.00833
8893,alejand+,20,0,1727048,113848,88172,S,13.0,0.7,0:28.81,turtles+,0.0091
8893,alejand+,20,0,1727048,113848,88172,S,11.0,0.7,0:28.92,turtles+,0.007699999999999999
8893,alejand+,20,0,1727048,113848,88172,S,12.0,0.7,0:29.04,turtles+,0.008399999999999998
8893,alejand+,20,0,1727048,113848,88172,S,14.0,0.7,0:29.18,turtles+,0.0098
8893,alejand+,20,0,1727048,113848,88172,S,12.0,0.7,0:29.30,turtles+,0.008399999999999998
8893,alejand+,20,0,1727048,113848,88172,S,12.0,0.7,0:29.42,turtles+,0.008399999999999998
8893,alejand+,20,0,1727048,113848,88172,S,12.9,0.7,0:29.55,turtles+,0.00903
8893,alejand+,20,0,1727048,113848,88172,S,12.0,0.7,0:29.67,turtles+,0.008399999999999998
8893,alejand+,20,0,1727048,113848,88172,R,13.0,0.7,0:29.80,turtles+,0.0091
8893,alejand+,20,0,1727048,113848,88172,S,13.0,0.7,0:29.93,turtles+,0.0091
8893,alejand+,20,0,1727048,113848,88172,S,13.0,0.7,0:30.06,turtles+,0.0091
8893,alejand+,20,0,1727048,113848,88172,S,11.0,0.7,0:30.17,turtles+,0.007699999999999999
8893,alejand+,20,0,1727048,113848,88172,S,13.0,0.7,0:30.30,turtles+,0.0091
8893,alejand+,20,0,1727048,113848,88172,R,12.9,0.7,0:30.43,turtles+,0.00903
8893,alejand+,20,0,1727048,113848,88172,S,12.0,0.7,0:30.55,turtles+,0.008399999999999998
8893,alejand+,20,0,1727048,113848,88172,S,13.0,0.7,0:30.68,turtles+,0.0091
8893,alejand+,20,0,1727048,113848,88172,S,12.0,0.7,0:30.80,turtles+,0.008399999999999998
8893,alejand+,20,0,1727048,113848,88172,S,13.0,0.7,0:30.93,turtles+,0.0091
8893,alejand+,20,0,1727048,113848,88172,R,13.0,0.7,0:31.06,turtles+,0.0091
8893,alejand+,20,0,1727048,113848,88172,S,12.9,0.7,0:31.19,turtles+,0.00903
8893,alejand+,20,0,1727048,113848,88172,S,13.0,0.7,0:31.32,turtles+,0.0091
8893,alejand+,20,0,1727048,113848,88172,S,12.0,0.7,0:31.44,turtles+,0.008399999999999998
8893,alejand+,20,0,1727048,113848,88172,S,13.0,0.7,0:31.57,turtles+,0.0091
8893,alejand+,20,0,1727048,113848,88172,S,14.0,0.7,0:31.71,turtles+,0.0098
8893,alejand+,20,0,1727048,113848,88172,S,13.0,0.7,0:31.84,turtles+,0.0091
8893,alejand+,20,0,1727048,113848,88172,S,14.0,0.7,0:31.98,turtles+,0.0098
8893,alejand+,20,0,1727048,113848,88172,S,11.9,0.7,0:32.10,turtles+,0.00833
8893,alejand+,20,0,1727048,113848,88172,S,13.0,0.7,0:32.23,turtles+,0.0091
8893,alejand+,20,0,1727048,113848,88172,S,13.0,0.7,0:32.36,turtles+,0.0091
8893,alejand+,20,0,1727048,113848,88172,S,14.0,0.7,0:32.50,turtles+,0.0098
8893,alejand+,20,0,1727048,113848,88172,R,12.0,0.7,0:32.62,turtles+,0.008399999999999998
8893,alejand+,20,0,1727048,113848,88172,S,13.0,0.7,0:32.75,turtles+,0.0091
8893,alejand+,20,0,1727048,113848,88172,S,11.0,0.7,0:32.86,turtles+,0.007699999999999999
8893,alejand+,20,0,1727048,113848,88172,S,12.9,0.7,0:32.99,turtles+,0.00903
8893,alejand+,20,0,1727048,113848,88172,S,12.0,0.7,0:33.11,turtles+,0.008399999999999998
8893,alejand+,20,0,1727048,113848,88172,R,13.0,0.7,0:33.24,turtles+,0.0091
8893,alejand+,20,0,1727048,113848,88172,S,13.0,0.7,0:33.37,turtles+,0.0091
8893,alejand+,20,0,1727048,113848,88172,S,14.0,0.7,0:33.51,turtles+,0.0098
8893,alejand+,20,0,1727048,113848,88172,S,13.0,0.7,0:33.64,turtles+,0.0091
8893,alejand+,20,0,1727048,113848,88172,S,13.0,0.7,0:33.77,turtles+,0.0091
8893,alejand+,20,0,1727048,113848,88172,R,13.9,0.7,0:33.91,turtles+,0.00973
8893,alejand+,20,0,1727048,113848,88172,S,12.0,0.7,0:34.03,turtles+,0.008399999999999998
8893,alejand+,20,0,1727048,113848,88172,S,13.0,0.7,0:34.16,turtles+,0.0091
8893,alejand+,20,0,1727048,113848,88172,S,14.0,0.7,0:34.30,turtles+,0.0098
8893,alejand+,20,0,1727048,113848,88172,S,12.0,0.7,0:34.42,turtles+,0.008399999999999998
8893,alejand+,20,0,1727048,113848,88172,S,15.0,0.7,0:34.57,turtles+,0.0105
8893,alejand+,20,0,1727048,113848,88172,S,13.0,0.7,0:34.70,turtles+,0.0091
8893,alejand+,20,0,1727048,113848,88172,R,13.0,0.7,0:34.83,turtles+,0.0091
8893,alejand+,20,0,1727048,113848,88172,S,13.9,0.7,0:34.97,turtles+,0.00973
8893,alejand+,20,0,1727048,113848,88172,S,13.0,0.7,0:35.10,turtles+,0.0091
8893,alejand+,20,0,1727048,113848,88172,S,12.0,0.7,0:35.22,turtles+,0.008399999999999998
8893,alejand+,20,0,1727048,113848,88172,S,14.0,0.7,0:35.36,turtles+,0.0098
8893,alejand+,20,0,1727048,113848,88172,R,13.0,0.7,0:35.49,turtles+,0.0091
8893,alejand+,20,0,1727048,113848,88172,S,13.0,0.7,0:35.62,turtles+,0.0091
8893,alejand+,20,0,1727048,113848,88172,S,13.9,0.7,0:35.76,turtles+,0.00973
8893,alejand+,20,0,1727048,113848,88172,S,13.0,0.7,0:35.89,turtles+,0.0091
8893,alejand+,20,0,1727048,113848,88172,S,13.0,0.7,0:36.02,turtles+,0.0091
8893,alejand+,20,0,1727048,113848,88172,R,14.0,0.7,0:36.16,turtles+,0.0098
8893,alejand+,20,0,1727048,113848,88172,S,14.0,0.7,0:36.30,turtles+,0.0098
8893,alejand+,20,0,1727048,113848,88172,S,13.0,0.7,0:36.43,turtles+,0.0091
8893,alejand+,20,0,1727048,113848,88172,S,14.0,0.7,0:36.57,turtles+,0.0098
8893,alejand+,20,0,1727048,113848,88172,S,12.9,0.7,0:36.70,turtles+,0.00903
8893,alejand+,20,0,1727048,113848,88172,R,13.0,0.7,0:36.83,turtles+,0.0091
8893,alejand+,20,0,1727048,113848,88172,S,13.0,0.7,0:36.96,turtles+,0.0091
8893,alejand+,20,0,1727048,113848,88172,S,14.0,0.7,0:37.10,turtles+,0.0098
8893,alejand+,20,0,1727048,113848,88172,S,13.0,0.7,0:37.23,turtles+,0.0091
8893,alejand+,20,0,1727048,113848,88172,S,12.0,0.7,0:37.35,turtles+,0.008399999999999998
8893,alejand+,20,0,1727048,113848,88172,S,14.0,0.7,0:37.49,turtles+,0.0098
8893,alejand+,20,0,1727048,113848,88172,S,14.0,0.7,0:37.63,turtles+,0.0098
8893,alejand+,20,0,1727048,113848,88172,R,12.9,0.7,0:37.76,turtles+,0.00903
8893,alejand+,20,0,1727048,113848,88172,S,14.0,0.7,0:37.90,turtles+,0.0098
8893,alejand+,20,0,1727048,113848,88172,S,13.0,0.7,0:38.03,turtles+,0.0091
8893,alejand+,20,0,1727048,113848,88172,S,14.0,0.7,0:38.17,turtles+,0.0098
8893,alejand+,20,0,1727048,113848,88172,S,13.0,0.7,0:38.30,turtles+,0.0091
8893,alejand+,20,0,1727048,113848,88172,S,13.0,0.7,0:38.43,turtles+,0.0091
8893,alejand+,20,0,1727048,113848,88172,S,14.0,0.7,0:38.57,turtles+,0.0098
8893,alejand+,20,0,1727048,113848,88172,S,12.9,0.7,0:38.70,turtles+,0.00903
8893,alejand+,20,0,1727048,113848,88172,S,13.0,0.7,0:38.83,turtles+,0.0091
8893,alejand+,20,0,1727048,113848,88172,S,14.0,0.7,0:38.97,turtles+,0.0098
8893,alejand+,20,0,1727048,113848,88172,S,14.0,0.7,0:39.11,turtles+,0.0098
8893,alejand+,20,0,1727048,113848,88172,S,14.0,0.7,0:39.25,turtles+,0.0098
8893,alejand+,20,0,1727048,113848,88172,R,13.0,0.7,0:39.38,turtles+,0.0091
8893,alejand+,20,0,1727048,113848,88172,S,13.0,0.7,0:39.51,turtles+,0.0091
8893,alejand+,20,0,1727048,113848,88172,S,10.9,0.7,0:39.62,turtles+,0.00763
8893,alejand+,20,0,1727048,113848,88172,S,14.0,0.7,0:39.76,turtles+,0.0098
8893,alejand+,20,0,1727048,113848,88172,S,13.0,0.7,0:39.89,turtles+,0.0091
8893,alejand+,20,0,1727048,113848,88172,R,14.0,0.7,0:40.03,turtles+,0.0098
8893,alejand+,20,0,1727048,113848,88172,S,13.0,0.7,0:40.16,turtles+,0.0091
8893,alejand+,20,0,1727048,113848,88172,S,14.0,0.7,0:40.30,turtles+,0.0098
8893,alejand+,20,0,1727048,113848,88172,S,13.0,0.7,0:40.43,turtles+,0.0091
8893,alejand+,20,0,1727048,113848,88172,S,13.0,0.7,0:40.56,turtles+,0.0091
8893,alejand+,20,0,1727048,113848,88172,S,13.9,0.7,0:40.70,turtles+,0.00973
8893,alejand+,20,0,1727048,113848,88172,S,14.0,0.7,0:40.84,turtles+,0.0098
8893,alejand+,20,0,1727048,113848,88172,S,13.0,0.7,0:40.97,turtles+,0.0091
8893,alejand+,20,0,1727048,113848,88172,S,14.0,0.7,0:41.11,turtles+,0.0098
8893,alejand+,20,0,1727048,113848,88172,S,13.0,0.7,0:41.24,turtles+,0.0091
8893,alejand+,20,0,1727048,113848,88172,S,14.0,0.7,0:41.38,turtles+,0.0098
8893,alejand+,20,0,1727048,113848,88172,S,12.9,0.7,0:41.51,turtles+,0.00903
8893,alejand+,20,0,1727048,113848,88172,S,13.0,0.7,0:41.64,turtles+,0.0091
8893,alejand+,20,0,1727048,113848,88172,S,15.0,0.7,0:41.79,turtles+,0.0105
8893,alejand+,20,0,1727048,113848,88172,S,13.0,0.7,0:41.92,turtles+,0.0091
8893,alejand+,20,0,1727048,113848,88172,S,14.0,0.7,0:42.06,turtles+,0.0098
8893,alejand+,20,0,1727048,113848,88172,S,12.0,0.7,0:42.18,turtles+,0.008399999999999998
8893,alejand+,20,0,1727048,113848,88172,S,14.9,0.7,0:42.33,turtles+,0.01043
8893,alejand+,20,0,1727048,113848,88172,S,14.0,0.7,0:42.47,turtles+,0.0098
8893,alejand+,20,0,1727048,113848,88172,S,14.0,0.7,0:42.61,turtles+,0.0098
8893,alejand+,20,0,1727048,113848,88172,S,14.0,0.7,0:42.75,turtles+,0.0098
8893,alejand+,20,0,1727048,113848,88172,S,14.0,0.7,0:42.89,turtles+,0.0098
8893,alejand+,20,0,1727048,113848,88172,R,13.0,0.7,0:43.02,turtles+,0.0091
8893,alejand+,20,0,1727048,113848,88172,S,14.0,0.7,0:43.16,turtles+,0.0098
8893,alejand+,20,0,1727048,113848,88172,S,13.9,0.7,0:43.30,turtles+,0.00973
8893,alejand+,20,0,1727048,113848,88172,S,13.0,0.7,0:43.43,turtles+,0.0091
8893,alejand+,20,0,1727048,113848,88172,S,14.0,0.7,0:43.57,turtles+,0.0098
8893,alejand+,20,0,1727048,113848,88172,R,14.0,0.7,0:43.71,turtles+,0.0098
8893,alejand+,20,0,1727048,113848,88172,S,15.0,0.7,0:43.86,turtles+,0.0105
8893,alejand+,20,0,1727048,113848,88172,S,14.0,0.7,0:44.00,turtles+,0.0098
8893,alejand+,20,0,1727048,113848,88172,S,14.0,0.7,0:44.14,turtles+,0.0098
8893,alejand+,20,0,1727048,113848,88172,S,12.0,0.7,0:44.26,turtles+,0.008399999999999998
8893,alejand+,20,0,1727048,113848,88172,S,13.9,0.7,0:44.40,turtles+,0.00973
8893,alejand+,20,0,1727048,113848,88172,S,15.0,0.7,0:44.55,turtles+,0.0105
8893,alejand+,20,0,1727048,113848,88172,R,14.0,0.7,0:44.69,turtles+,0.0098
8893,alejand+,20,0,1727048,113848,88172,S,13.0,0.7,0:44.82,turtles+,0.0091
8893,alejand+,20,0,1727048,113848,88172,S,12.0,0.7,0:44.94,turtles+,0.008399999999999998
8893,alejand+,20,0,1727048,113848,88172,S,14.0,0.7,0:45.08,turtles+,0.0098
8893,alejand+,20,0,1727048,113848,88172,S,14.9,0.7,0:45.23,turtles+,0.01043
8893,alejand+,20,0,1727048,113848,88172,R,14.0,0.7,0:45.37,turtles+,0.0098
8893,alejand+,20,0,1727048,113848,88172,S,14.0,0.7,0:45.51,turtles+,0.0098
8893,alejand+,20,0,1727048,113848,88172,S,15.0,0.7,0:45.66,turtles+,0.0105
8893,alejand+,20,0,1727048,113848,88172,S,14.0,0.7,0:45.80,turtles+,0.0098
8893,alejand+,20,0,1727048,113848,88172,S,15.0,0.7,0:45.95,turtles+,0.0105
8893,alejand+,20,0,1727048,113848,88172,R,13.9,0.7,0:46.09,turtles+,0.00973
8893,alejand+,20,0,1727048,113848,88172,S,14.0,0.7,0:46.23,turtles+,0.0098
8893,alejand+,20,0,1727048,113848,88172,S,14.0,0.7,0:46.37,turtles+,0.0098
8893,alejand+,20,0,1727048,113848,88172,S,15.0,0.7,0:46.52,turtles+,0.0105
8893,alejand+,20,0,1727048,113848,88172,S,14.0,0.7,0:46.66,turtles+,0.0098
8893,alejand+,20,0,1727048,113848,88172,R,15.0,0.7,0:46.81,turtles+,0.0105
8893,alejand+,20,0,1727048,113848,88172,S,14.0,0.7,0:46.95,turtles+,0.0098
8893,alejand+,20,0,1727048,113848,88172,S,14.9,0.7,0:47.10,turtles+,0.01043
8893,alejand+,20,0,1727048,113848,88172,S,14.0,0.7,0:47.24,turtles+,0.0098
8893,alejand+,20,0,1727048,113848,88172,S,14.0,0.7,0:47.38,turtles+,0.0098
8893,alejand+,20,0,1727048,113848,88172,S,14.0,0.7,0:47.52,turtles+,0.0098
8893,alejand+,20,0,1727048,113848,88172,S,13.0,0.7,0:47.65,turtles+,0.0091
8893,alejand+,20,0,1727048,113848,88172,S,15.0,0.7,0:47.80,turtles+,0.0105
8893,alejand+,20,0,1727048,113848,88172,S,12.9,0.7,0:47.93,turtles+,0.00903
8893,alejand+,20,0,1727048,113848,88172,S,15.0,0.7,0:48.08,turtles+,0.0105
8893,alejand+,20,0,1727048,113848,88172,R,14.0,0.7,0:48.22,turtles+,0.0098
8893,alejand+,20,0,1727048,113848,88172,S,14.0,0.7,0:48.36,turtles+,0.0098
8893,alejand+,20,0,1727048,113848,88172,S,14.0,0.7,0:48.50,turtles+,0.0098
8893,alejand+,20,0,1727048,113848,88172,S,14.0,0.7,0:48.64,turtles+,0.0098
8893,alejand+,20,0,1727048,113848,88172,S,14.0,0.7,0:48.78,turtles+,0.0098
8893,alejand+,20,0,1727048,113848,88172,S,13.9,0.7,0:48.92,turtles+,0.00973
8893,alejand+,20,0,1727048,113848,88172,S,13.0,0.7,0:49.05,turtles+,0.0091
8893,alejand+,20,0,1727048,113848,88172,S,14.0,0.7,0:49.19,turtles+,0.0098
8893,alejand+,20,0,1727048,113848,88172,S,14.0,0.7,0:49.33,turtles+,0.0098
8893,alejand+,20,0,1727048,113848,88172,S,14.0,0.7,0:49.47,turtles+,0.0098
8893,alejand+,20,0,1727048,113848,88172,S,14.0,0.7,0:49.61,turtles+,0.0098
8893,alejand+,20,0,1727048,113848,88172,S,6.0,0.7,0:49.67,turtles+,0.004199999999999999
8893,alejand+,20,0,1727048,113848,88172,R,12.9,0.7,0:49.80,turtles+,0.00903
8893,alejand+,20,0,1727048,113848,88172,S,14.0,0.7,0:49.94,turtles+,0.0098
8893,alejand+,20,0,1727048,113848,88172,S,15.0,0.7,0:50.09,turtles+,0.0105
8893,alejand+,20,0,1727048,113848,88172,S,14.0,0.7,0:50.23,turtles+,0.0098
8893,alejand+,20,0,1727048,113848,88172,S,14.0,0.7,0:50.37,turtles+,0.0098
8893,alejand+,20,0,1727048,113848,88172,R,14.0,0.7,0:50.51,turtles+,0.0098
8893,alejand+,20,0,1727048,113848,88172,S,15.0,0.7,0:50.66,turtles+,0.0105
8893,alejand+,20,0,1727048,113848,88172,S,15.0,0.7,0:50.81,turtles+,0.0105
8893,alejand+,20,0,1727048,113848,88172,S,13.9,0.7,0:50.95,turtles+,0.00973
8893,alejand+,20,0,1727048,113848,88172,S,4.0,0.7,0:50.99,turtles+,0.0028
8893,alejand+,20,0,1727048,113848,88172,S,3.0,0.7,0:51.02,turtles+,0.0020999999999999994
8893,alejand+,20,0,1727048,113848,88172,S,2.0,0.7,0:51.04,turtles+,0.0014
8893,alejand+,20,0,1727048,113848,88172,S,8.0,0.7,0:51.12,turtles+,0.0056
8893,alejand+,20,0,1727048,113848,88172,S,15.0,0.7,0:51.27,turtles+,0.0105
8893,alejand+,20,0,1727048,113848,88172,S,14.0,0.7,0:51.41,turtles+,0.0098
8893,alejand+,20,0,1727048,113848,88172,S,13.9,0.7,0:51.55,turtles+,0.00973
8893,alejand+,20,0,1727048,113848,88172,S,15.0,0.7,0:51.70,turtles+,0.0105
8893,alejand+,20,0,1727048,113848,88172,R,15.0,0.7,0:51.85,turtles+,0.0105
8893,alejand+,20,0,1727048,113848,88172,S,15.0,0.7,0:52.00,turtles+,0.0105
8893,alejand+,20,0,1727048,113848,88172,S,14.0,0.7,0:52.14,turtles+,0.0098
8893,alejand+,20,0,1727048,113848,88172,S,16.0,0.7,0:52.30,turtles+,0.0112
8893,alejand+,20,0,1727048,113848,88172,S,15.0,0.7,0:52.45,turtles+,0.0105
8893,alejand+,20,0,1727048,113848,88172,R,14.9,0.7,0:52.60,turtles+,0.01043
8893,alejand+,20,0,1727048,113848,88172,S,14.0,0.7,0:52.74,turtles+,0.0098
8893,alejand+,20,0,1727048,113848,88172,S,15.0,0.7,0:52.89,turtles+,0.0105
8893,alejand+,20,0,1727048,113848,88172,S,15.0,0.7,0:53.04,turtles+,0.0105
8893,alejand+,20,0,1727048,113848,88172,S,15.0,0.7,0:53.19,turtles+,0.0105
8893,alejand+,20,0,1727048,113848,88172,S,13.0,0.7,0:53.32,turtles+,0.0091
8893,alejand+,20,0,1727048,113848,88172,S,15.0,0.7,0:53.47,turtles+,0.0105
8893,alejand+,20,0,1727048,113848,88172,R,14.0,0.7,0:53.61,turtles+,0.0098
8893,alejand+,20,0,1727048,113848,88172,S,14.9,0.7,0:53.76,turtles+,0.01043
8893,alejand+,20,0,1727048,113848,88172,S,14.0,0.7,0:53.90,turtles+,0.0098
8893,alejand+,20,0,1727048,113848,88172,S,15.0,0.7,0:54.05,turtles+,0.0105
8893,alejand+,20,0,1727048,113848,88172,S,14.0,0.7,0:54.19,turtles+,0.0098
8893,alejand+,20,0,1727048,113848,88172,R,16.0,0.7,0:54.35,turtles+,0.0112
8893,alejand+,20,0,1727048,113848,88172,S,15.0,0.7,0:54.50,turtles+,0.0105
8893,alejand+,20,0,1727048,113848,88172,S,14.9,0.7,0:54.65,turtles+,0.01043
8893,alejand+,20,0,1727048,113848,88172,S,15.0,0.7,0:54.80,turtles+,0.0105
8893,alejand+,20,0,1727048,113848,88172,S,15.0,0.7,0:54.95,turtles+,0.0105
8893,alejand+,20,0,1727048,113848,88172,R,15.0,0.7,0:55.10,turtles+,0.0105
8893,alejand+,20,0,1727048,113848,88172,S,15.0,0.7,0:55.25,turtles+,0.0105
8893,alejand+,20,0,1727048,113848,88172,S,14.0,0.7,0:55.39,turtles+,0.0098
8893,alejand+,20,0,1727048,113848,88172,S,15.0,0.7,0:55.54,turtles+,0.0105
8893,alejand+,20,0,1727048,113848,88172,S,15.0,0.7,0:55.69,turtles+,0.0105
8893,alejand+,20,0,1727048,113848,88172,S,14.9,0.7,0:55.84,turtles+,0.01043
8893,alejand+,20,0,1727048,113848,88172,S,16.0,0.7,0:56.00,turtles+,0.0112
8893,alejand+,20,0,1727048,113848,88172,R,15.0,0.7,0:56.15,turtles+,0.0105
8893,alejand+,20,0,1727048,113848,88172,S,15.0,0.7,0:56.30,turtles+,0.0105
8893,alejand+,20,0,1727048,113848,88172,S,15.0,0.7,0:56.45,turtles+,0.0105
8893,alejand+,20,0,1727048,113848,88172,S,15.0,0.7,0:56.60,turtles+,0.0105
8893,alejand+,20,0,1727048,113848,88172,S,13.9,0.7,0:56.74,turtles+,0.00973
8893,alejand+,20,0,1727048,113848,88172,R,15.0,0.7,0:56.89,turtles+,0.0105
8893,alejand+,20,0,1727048,113848,88172,S,15.0,0.7,0:57.04,turtles+,0.0105
8893,alejand+,20,0,1727048,113848,88172,S,16.0,0.7,0:57.20,turtles+,0.0112
8893,alejand+,20,0,1727048,113848,88172,S,16.0,0.7,0:57.36,turtles+,0.0112
8893,alejand+,20,0,1727048,113848,88172,S,15.0,0.7,0:57.51,turtles+,0.0105
8893,alejand+,20,0,1727048,113848,88172,R,15.0,0.7,0:57.66,turtles+,0.0105
8893,alejand+,20,0,1727048,113848,88172,S,14.9,0.7,0:57.81,turtles+,0.01043
8893,alejand+,20,0,1727048,113848,88172,S,15.0,0.7,0:57.96,turtles+,0.0105
8893,alejand+,20,0,1727048,113848,88172,S,15.0,0.7,0:58.11,turtles+,0.0105
8893,alejand+,20,0,1727048,113848,88172,S,16.0,0.7,0:58.27,turtles+,0.0112
8893,alejand+,20,0,1727048,113848,88172,S,15.0,0.7,0:58.42,turtles+,0.0105
8893,alejand+,20,0,1727048,113848,88172,S,15.0,0.7,0:58.57,turtles+,0.0105
8893,alejand+,20,0,1727048,113848,88172,S,15.0,0.7,0:58.72,turtles+,0.0105
8893,alejand+,20,0,1727048,113848,88172,S,14.9,0.7,0:58.87,turtles+,0.01043
8893,alejand+,20,0,1727048,113848,88172,S,15.0,0.7,0:59.02,turtles+,0.0105
8893,alejand+,20,0,1727048,113848,88172,S,15.0,0.7,0:59.17,turtles+,0.0105
8893,alejand+,20,0,1727048,113848,88172,S,16.0,0.7,0:59.33,turtles+,0.0112
8893,alejand+,20,0,1727048,113848,88172,R,15.0,0.7,0:59.48,turtles+,0.0105
8893,alejand+,20,0,1727048,113848,88172,S,15.0,0.7,0:59.63,turtles+,0.0105
8893,alejand+,20,0,1727048,113848,88172,S,15.0,0.7,0:59.78,turtles+,0.0105
8893,alejand+,20,0,1727048,113848,88172,S,14.9,0.7,0:59.93,turtles+,0.01043
8893,alejand+,20,0,1727048,113848,88172,S,16.0,0.7,1:00.09,turtles+,0.0112
8893,alejand+,20,0,1727048,113848,88172,R,15.0,0.7,1:00.24,turtles+,0.0105
8893,alejand+,20,0,1727048,113848,88172,S,14.0,0.7,1:00.38,turtles+,0.0098
8893,alejand+,20,0,1727048,113848,88172,S,15.0,0.7,1:00.53,turtles+,0.0105
8893,alejand+,20,0,1727048,113848,88172,S,15.0,0.7,1:00.68,turtles+,0.0105
8893,alejand+,20,0,1727048,113848,88172,S,15.0,0.7,1:00.83,turtles+,0.0105
8893,alejand+,20,0,1727048,113848,88172,S,14.9,0.7,1:00.98,turtles+,0.01043
8893,alejand+,20,0,1727048,113848,88172,S,16.0,0.7,1:01.14,turtles+,0.0112
8893,alejand+,20,0,1727048,113848,88172,S,15.0,0.7,1:01.29,turtles+,0.0105
8893,alejand+,20,0,1727048,113848,88172,S,15.0,0.7,1:01.44,turtles+,0.0105
8893,alejand+,20,0,1727048,113848,88172,S,16.0,0.7,1:01.60,turtles+,0.0112
8893,alejand+,20,0,1727048,113848,88172,S,14.0,0.7,1:01.74,turtles+,0.0098
8893,alejand+,20,0,1727048,113848,88172,S,15.0,0.7,1:01.89,turtles+,0.0105
8893,alejand+,20,0,1727048,113848,88172,R,16.0,0.7,1:02.05,turtles+,0.0112
8893,alejand+,20,0,1727048,113848,88172,S,14.9,0.7,1:02.20,turtles+,0.01043
8893,alejand+,20,0,1727048,113848,88172,S,15.0,0.7,1:02.35,turtles+,0.0105
8893,alejand+,20,0,1727048,113848,88172,S,15.0,0.7,1:02.50,turtles+,0.0105
8893,alejand+,20,0,1727048,113848,88172,S,16.0,0.7,1:02.66,turtles+,0.0112
8893,alejand+,20,0,1727048,113848,88172,R,15.0,0.7,1:02.81,turtles+,0.0105
8893,alejand+,20,0,1727048,113848,88172,S,16.0,0.7,1:02.97,turtles+,0.0112
8893,alejand+,20,0,1727048,113848,88172,S,14.9,0.7,1:03.12,turtles+,0.01043
8893,alejand+,20,0,1727048,113848,88172,S,15.0,0.7,1:03.27,turtles+,0.0105
8893,alejand+,20,0,1727048,113848,88172,S,16.0,0.7,1:03.43,turtles+,0.0112
8893,alejand+,20,0,1727048,113848,88172,R,15.0,0.7,1:03.58,turtles+,0.0105
8893,alejand+,20,0,1727048,113848,88172,S,16.0,0.7,1:03.74,turtles+,0.0112
8893,alejand+,20,0,1727048,113848,88172,S,9.0,0.7,1:03.83,turtles+,0.0063
8893,alejand+,20,0,1727048,113848,88172,S,15.0,0.7,1:03.98,turtles+,0.0105
8893,alejand+,20,0,1727048,113848,88172,S,16.8,0.7,1:04.15,turtles+,0.01176
8893,alejand+,20,0,1727048,113848,88172,S,12.0,0.7,1:04.27,turtles+,0.008399999999999998
8893,alejand+,20,0,1727048,113848,88172,S,15.0,0.7,1:04.42,turtles+,0.0105
8893,alejand+,20,0,1727048,113848,88172,R,16.0,0.7,1:04.58,turtles+,0.0112
8893,alejand+,20,0,1727048,113848,88172,S,15.0,0.7,1:04.73,turtles+,0.0105
8893,alejand+,20,0,1727048,113848,88172,S,16.0,0.7,1:04.89,turtles+,0.0112
8893,alejand+,20,0,1727048,113848,88172,R,14.9,0.7,1:05.04,turtles+,0.01043
8893,alejand+,20,0,1727048,113848,88172,S,15.0,0.7,1:05.19,turtles+,0.0105
8893,alejand+,20,0,1727048,113848,88172,S,15.0,0.7,1:05.34,turtles+,0.0105
8893,alejand+,20,0,1727048,113848,88172,S,15.0,0.7,1:05.49,turtles+,0.0105
8893,alejand+,20,0,1727048,113848,88172,S,16.0,0.7,1:05.65,turtles+,0.0112
8893,alejand+,20,0,1727048,113848,88172,S,13.0,0.7,1:05.78,turtles+,0.0091
8893,alejand+,20,0,1727048,113848,88172,S,15.0,0.7,1:05.93,turtles+,0.0105
8893,alejand+,20,0,1727048,113848,88172,R,16.0,0.7,1:06.09,turtles+,0.0112
8893,alejand+,20,0,1727048,113848,88172,S,16.8,0.7,1:06.26,turtles+,0.01176
8893,alejand+,20,0,1727048,113848,88172,S,16.0,0.7,1:06.42,turtles+,0.0112
8893,alejand+,20,0,1727048,113848,88172,S,14.0,0.7,1:06.56,turtles+,0.0098
8893,alejand+,20,0,1727048,113848,88172,S,16.0,0.7,1:06.72,turtles+,0.0112
8893,alejand+,20,0,1727048,113848,88172,R,15.0,0.7,1:06.87,turtles+,0.0105
8893,alejand+,20,0,1727048,113848,88172,S,16.0,0.7,1:07.03,turtles+,0.0112
8893,alejand+,20,0,1727048,113848,88172,S,8.9,0.7,1:07.12,turtles+,0.006229999999999999
8893,alejand+,20,0,1727048,113848,88172,S,15.0,0.7,1:07.27,turtles+,0.0105
8893,alejand+,20,0,1727048,113848,88172,S,16.0,0.7,1:07.43,turtles+,0.0112
8893,alejand+,20,0,1727048,113848,88172,R,16.0,0.7,1:07.59,turtles+,0.0112
8893,alejand+,20,0,1727048,113848,88172,S,15.0,0.7,1:07.74,turtles+,0.0105
8893,alejand+,20,0,1727048,113848,88172,S,15.0,0.7,1:07.89,turtles+,0.0105
8893,alejand+,20,0,1727048,113848,88172,S,14.0,0.7,1:08.03,turtles+,0.0098
8893,alejand+,20,0,1727048,113848,88172,S,14.9,0.7,1:08.18,turtles+,0.01043
8893,alejand+,20,0,1727048,113848,88172,S,15.0,0.7,1:08.33,turtles+,0.0105
8893,alejand+,20,0,1727048,113848,88172,S,16.0,0.7,1:08.49,turtles+,0.0112
8893,alejand+,20,0,1727048,113848,88172,S,15.0,0.7,1:08.64,turtles+,0.0105
8893,alejand+,20,0,1727048,113848,88172,S,4.0,0.7,1:08.68,turtles+,0.0028
8893,alejand+,20,0,1727048,113848,88172,S,5.0,0.7,1:08.73,turtles+,0.0035
8893,alejand+,20,0,1727048,113848,88172,S,14.9,0.7,1:08.88,turtles+,0.01043
8893,alejand+,20,0,1727048,113848,88172,S,10.0,0.7,1:08.98,turtles+,0.007
8893,alejand+,20,0,1727048,113848,88172,S,10.0,0.7,1:09.08,turtles+,0.007
8893,alejand+,20,0,1727048,113848,88172,S,15.0,0.7,1:09.23,turtles+,0.0105
8893,alejand+,20,0,1727048,113848,88172,S,15.0,0.7,1:09.38,turtles+,0.0105
8893,alejand+,20,0,1727048,113848,88172,S,15.0,0.7,1:09.53,turtles+,0.0105
8893,alejand+,20,0,1727048,113848,88172,S,16.0,0.7,1:09.69,turtles+,0.0112
8893,alejand+,20,0,1727048,113848,88172,R,17.0,0.7,1:09.86,turtles+,0.011899999999999999
8893,alejand+,20,0,1727048,113848,88172,S,14.9,0.7,1:10.01,turtles+,0.01043
8893,alejand+,20,0,1727048,113848,88172,S,10.0,0.7,1:10.11,turtles+,0.007
8893,alejand+,20,0,1727048,113848,88172,S,17.0,0.7,1:10.28,turtles+,0.011899999999999999
8893,alejand+,20,0,1727048,113848,88172,S,15.0,0.7,1:10.43,turtles+,0.0105
8893,alejand+,20,0,1727048,113848,88172,R,16.0,0.7,1:10.59,turtles+,0.0112
8893,alejand+,20,0,1727048,113848,88172,S,15.0,0.7,1:10.74,turtles+,0.0105
8893,alejand+,20,0,1727048,113848,88172,S,15.8,0.7,1:10.90,turtles+,0.01106
8893,alejand+,20,0,1727048,113848,88172,S,15.0,0.7,1:11.05,turtles+,0.0105
8893,alejand+,20,0,1727048,113848,88172,S,15.0,0.7,1:11.20,turtles+,0.0105
8893,alejand+,20,0,1727048,113848,88172,R,7.0,0.7,1:11.27,turtles+,0.0049
8893,alejand+,20,0,1727048,113848,88172,S,15.0,0.7,1:11.42,turtles+,0.0105
8893,alejand+,20,0,1727048,113848,88172,S,15.0,0.7,1:11.57,turtles+,0.0105
8893,alejand+,20,0,1727048,113848,88172,S,16.0,0.7,1:11.73,turtles+,0.0112
8893,alejand+,20,0,1727048,113848,88172,S,14.9,0.7,1:11.88,turtles+,0.01043
8893,alejand+,20,0,1727048,113848,88172,R,16.0,0.7,1:12.04,turtles+,0.0112
8893,alejand+,20,0,1727048,113848,88172,S,16.0,0.7,1:12.20,turtles+,0.0112
8893,alejand+,20,0,1727048,113848,88172,S,16.0,0.7,1:12.36,turtles+,0.0112
8893,alejand+,20,0,1727048,113848,88172,S,16.0,0.7,1:12.52,turtles+,0.0112
8893,alejand+,20,0,1727048,113848,88172,S,15.0,0.7,1:12.67,turtles+,0.0105
8893,alejand+,20,0,1727048,113848,88172,R,15.8,0.7,1:12.83,turtles+,0.01106
8893,alejand+,20,0,1727048,113848,88172,S,16.0,0.7,1:12.99,turtles+,0.0112
8893,alejand+,20,0,1727048,113848,88172,S,17.0,0.7,1:13.16,turtles+,0.011899999999999999
8893,alejand+,20,0,1727048,113848,88172,S,15.0,0.7,1:13.31,turtles+,0.0105
8893,alejand+,20,0,1727048,113848,88172,S,16.0,0.7,1:13.47,turtles+,0.0112
8893,alejand+,20,0,1727048,113848,88172,R,15.0,0.7,1:13.62,turtles+,0.0105
8893,alejand+,20,0,1727048,113848,88172,S,15.8,0.7,1:13.78,turtles+,0.01106
8893,alejand+,20,0,1727048,113848,88172,S,16.0,0.7,1:13.94,turtles+,0.0112
8893,alejand+,20,0,1727048,113848,88172,S,15.0,0.7,1:14.09,turtles+,0.0105
8893,alejand+,20,0,1727048,113848,88172,S,16.0,0.7,1:14.25,turtles+,0.0112
8893,alejand+,20,0,1727048,113848,88172,R,16.0,0.7,1:14.41,turtles+,0.0112
8893,alejand+,20,0,1727048,113848,88172,S,16.0,0.7,1:14.57,turtles+,0.0112
8893,alejand+,20,0,1727048,113848,88172,S,16.0,0.7,1:14.73,turtles+,0.0112
8893,alejand+,20,0,1727048,113848,88172,S,14.9,0.7,1:14.88,turtles+,0.01043
8893,alejand+,20,0,1727048,113848,88172,S,16.0,0.7,1:15.04,turtles+,0.0112
8893,alejand+,20,0,1727048,113848,88172,S,16.0,0.7,1:15.20,turtles+,0.0112
8893,alejand+,20,0,1727048,113848,88172,S,16.0,0.7,1:15.36,turtles+,0.0112
8893,alejand+,20,0,1727048,113848,88172,R,15.0,0.7,1:15.51,turtles+,0.0105
8893,alejand+,20,0,1727048,113848,88172,S,16.0,0.7,1:15.67,turtles+,0.0112
8893,alejand+,20,0,1727048,113848,88172,S,16.0,0.7,1:15.83,turtles+,0.0112
8893,alejand+,20,0,1727048,113848,88172,S,15.8,0.7,1:15.99,turtles+,0.01106
8893,alejand+,20,0,1727048,113848,88172,S,16.0,0.7,1:16.15,turtles+,0.0112
8893,alejand+,20,0,1727048,113848,88172,S,16.0,0.7,1:16.31,turtles+,0.0112
8893,alejand+,20,0,1727048,113848,88172,S,15.0,0.7,1:16.46,turtles+,0.0105
8893,alejand+,20,0,1727048,113848,88172,S,16.0,0.7,1:16.62,turtles+,0.0112
8893,alejand+,20,0,1727048,113848,88172,S,15.0,0.7,1:16.77,turtles+,0.0105
8893,alejand+,20,0,1727048,113848,88172,S,16.0,0.7,1:16.93,turtles+,0.0112
8893,alejand+,20,0,1727048,113848,88172,S,6.9,0.7,1:17.00,turtles+,0.00483
8893,alejand+,20,0,1727048,113848,88172,S,12.0,0.7,1:17.12,turtles+,0.008399999999999998
8893,alejand+,20,0,1727048,113848,88172,S,17.0,0.7,1:17.29,turtles+,0.011899999999999999
8893,alejand+,20,0,1727048,113848,88172,S,16.0,0.7,1:17.45,turtles+,0.0112
8893,alejand+,20,0,1727048,113848,88172,S,17.0,0.7,1:17.62,turtles+,0.011899999999999999
8893,alejand+,20,0,1727048,113848,88172,R,16.0,0.7,1:17.78,turtles+,0.0112
8893,alejand+,20,0,1727048,113848,88172,S,14.9,0.7,1:17.93,turtles+,0.01043
8893,alejand+,20,0,1727048,113848,88172,S,16.0,0.7,1:18.09,turtles+,0.0112
8893,alejand+,20,0,1727048,113848,88172,S,16.0,0.7,1:18.25,turtles+,0.0112
8893,alejand+,20,0,1727048,113848,88172,S,15.0,0.7,1:18.40,turtles+,0.0105
8893,alejand+,20,0,1727048,113848,88172,S,16.0,0.7,1:18.56,turtles+,0.0112
8893,alejand+,20,0,1727048,113848,88172,S,16.0,0.7,1:18.72,turtles+,0.0112
8893,alejand+,20,0,1727048,113848,88172,R,15.0,0.7,1:18.87,turtles+,0.0105
8893,alejand+,20,0,1727048,113848,88172,S,16.0,0.7,1:19.03,turtles+,0.0112
8893,alejand+,20,0,1727048,113848,88172,S,15.8,0.7,1:19.19,turtles+,0.01106
8893,alejand+,20,0,1727048,113848,88172,S,16.0,0.7,1:19.35,turtles+,0.0112
8893,alejand+,20,0,1727048,113848,88172,S,15.0,0.7,1:19.50,turtles+,0.0105
8893,alejand+,20,0,1727048,113848,88172,R,13.0,0.7,1:19.63,turtles+,0.0091
8893,alejand+,20,0,1727048,113848,88172,S,16.0,0.7,1:19.79,turtles+,0.0112
8893,alejand+,20,0,1727048,113848,88172,S,16.0,0.7,1:19.95,turtles+,0.0112
8893,alejand+,20,0,1727048,113848,88172,S,16.0,0.7,1:20.11,turtles+,0.0112
8893,alejand+,20,0,1727048,113848,88172,S,15.8,0.7,1:20.27,turtles+,0.01106
8893,alejand+,20,0,1727048,113848,88172,S,15.0,0.7,1:20.42,turtles+,0.0105
8893,alejand+,20,0,1727048,113848,88172,S,16.0,0.7,1:20.58,turtles+,0.0112
8893,alejand+,20,0,1727048,113848,88172,S,17.0,0.7,1:20.75,turtles+,0.011899999999999999
8893,alejand+,20,0,1727048,113848,88172,S,16.0,0.7,1:20.91,turtles+,0.0112
8893,alejand+,20,0,1727048,113848,88172,S,12.0,0.7,1:21.03,turtles+,0.008399999999999998
8893,alejand+,20,0,1727048,113848,88172,S,16.0,0.7,1:21.19,turtles+,0.0112
8893,alejand+,20,0,1727048,113848,88172,S,14.9,0.7,1:21.34,turtles+,0.01043
8893,alejand+,20,0,1727048,113848,88172,R,17.0,0.7,1:21.51,turtles+,0.011899999999999999
8893,alejand+,20,0,1727048,113848,88172,S,17.0,0.7,1:21.68,turtles+,0.011899999999999999
8893,alejand+,20,0,1727048,113848,88172,S,16.0,0.7,1:21.84,turtles+,0.0112
8893,alejand+,20,0,1727048,113848,88172,S,14.0,0.7,1:21.98,turtles+,0.0098
8893,alejand+,20,0,1727048,113848,88172,S,16.0,0.7,1:22.14,turtles+,0.0112
8893,alejand+,20,0,1727048,113848,88172,R,16.0,0.7,1:22.30,turtles+,0.0112
8893,alejand+,20,0,1727048,113848,88172,S,15.8,0.7,1:22.46,turtles+,0.01106
8893,alejand+,20,0,1727048,113848,88172,S,16.0,0.7,1:22.62,turtles+,0.0112
8893,alejand+,20,0,1727048,113848,88172,S,13.0,0.7,1:22.75,turtles+,0.0091
8893,alejand+,20,0,1727048,113848,88172,S,16.0,0.7,1:22.91,turtles+,0.0112
8893,alejand+,20,0,1727048,113848,88172,R,15.0,0.7,1:23.06,turtles+,0.0105
8893,alejand+,20,0,1727048,113848,88172,S,15.0,0.7,1:23.21,turtles+,0.0105
8893,alejand+,20,0,1727048,113848,88172,S,16.0,0.7,1:23.37,turtles+,0.0112
8893,alejand+,20,0,1727048,113848,88172,S,15.8,0.7,1:23.53,turtles+,0.01106
8893,alejand+,20,0,1727048,113848,88172,S,16.0,0.7,1:23.69,turtles+,0.0112
8893,alejand+,20,0,1727048,113848,88172,S,16.0,0.7,1:23.85,turtles+,0.0112
8893,alejand+,20,0,1727048,113848,88172,S,16.0,0.7,1:24.01,turtles+,0.0112
8893,alejand+,20,0,1727048,113848,88172,S,16.0,0.7,1:24.17,turtles+,0.0112
8893,alejand+,20,0,1727048,113848,88172,S,15.0,0.7,1:24.32,turtles+,0.0105
8893,alejand+,20,0,1727048,113848,88172,S,16.8,0.7,1:24.49,turtles+,0.01176
8893,alejand+,20,0,1727048,113848,88172,S,16.0,0.7,1:24.65,turtles+,0.0112
8893,alejand+,20,0,1727048,113848,88172,S,14.0,0.7,1:24.79,turtles+,0.0098
8893,alejand+,20,0,1727048,113848,88172,R,14.0,0.7,1:24.93,turtles+,0.0098
8893,alejand+,20,0,1727048,113848,88172,S,17.0,0.7,1:25.10,turtles+,0.011899999999999999
8893,alejand+,20,0,1727048,113848,88172,S,16.0,0.7,1:25.26,turtles+,0.0112
8893,alejand+,20,0,1727048,113848,88172,S,16.0,0.7,1:25.42,turtles+,0.0112
8893,alejand+,20,0,1727048,113848,88172,S,11.9,0.7,1:25.54,turtles+,0.00833
8893,alejand+,20,0,1727048,113848,88172,R,16.0,0.7,1:25.70,turtles+,0.0112
8893,alejand+,20,0,1727048,113848,88172,S,16.0,0.7,1:25.86,turtles+,0.0112
8893,alejand+,20,0,1727048,113848,88172,S,17.0,0.7,1:26.03,turtles+,0.011899999999999999
8893,alejand+,20,0,1727048,113848,88172,S,9.0,0.7,1:26.12,turtles+,0.0063
8893,alejand+,20,0,1727048,113848,88172,S,16.0,0.7,1:26.28,turtles+,0.0112
8893,alejand+,20,0,1727048,113848,88172,R,10.0,0.7,1:26.38,turtles+,0.007
8893,alejand+,20,0,1727048,113848,88172,S,15.0,0.7,1:26.53,turtles+,0.0105
8893,alejand+,20,0,1727048,113848,88172,S,16.8,0.7,1:26.70,turtles+,0.01176
8893,alejand+,20,0,1727048,113848,88172,S,16.0,0.7,1:26.86,turtles+,0.0112
8893,alejand+,20,0,1727048,113848,88172,S,16.0,0.7,1:27.02,turtles+,0.0112
8893,alejand+,20,0,1727048,113848,88172,S,16.0,0.7,1:27.18,turtles+,0.0112
8893,alejand+,20,0,1727048,113848,88172,S,15.0,0.7,1:27.33,turtles+,0.0105
8893,alejand+,20,0,1727048,113848,88172,S,16.0,0.7,1:27.49,turtles+,0.0112
8893,alejand+,20,0,1727048,113848,88172,S,16.8,0.7,1:27.66,turtles+,0.01176
8893,alejand+,20,0,1727048,113848,88172,S,16.0,0.7,1:27.82,turtles+,0.0112
8893,alejand+,20,0,1727048,113848,88172,S,16.0,0.7,1:27.98,turtles+,0.0112
8893,alejand+,20,0,1727048,113848,88172,S,16.0,0.7,1:28.14,turtles+,0.0112
8893,alejand+,20,0,1727048,113848,88172,S,16.0,0.7,1:28.30,turtles+,0.0112
8893,alejand+,20,0,1727048,113848,88172,S,15.0,0.7,1:28.45,turtles+,0.0105
8893,alejand+,20,0,1727048,113848,88172,S,15.8,0.7,1:28.61,turtles+,0.01106
8893,alejand+,20,0,1727048,113848,88172,R,15.0,0.7,1:28.76,turtles+,0.0105
8893,alejand+,20,0,1727048,113848,88172,S,10.0,0.7,1:28.86,turtles+,0.007
8893,alejand+,20,0,1727048,113848,88172,S,17.0,0.7,1:29.03,turtles+,0.011899999999999999
8893,alejand+,20,0,1727048,113848,88172,S,16.0,0.7,1:29.19,turtles+,0.0112
8893,alejand+,20,0,1727048,113848,88172,S,16.0,0.7,1:29.35,turtles+,0.0112
8893,alejand+,20,0,1727048,113848,88172,S,16.0,0.7,1:29.51,turtles+,0.0112
8893,alejand+,20,0,1727048,113848,88172,S,14.9,0.7,1:29.66,turtles+,0.01043
8893,alejand+,20,0,1727048,113848,88172,S,17.0,0.7,1:29.83,turtles+,0.011899999999999999
8893,alejand+,20,0,1727048,113848,88172,S,16.0,0.7,1:29.99,turtles+,0.0112
8893,alejand+,20,0,1727048,113848,88172,S,14.0,0.7,1:30.13,turtles+,0.0098
8893,alejand+,20,0,1727048,113848,88172,S,15.0,0.7,1:30.28,turtles+,0.0105
8893,alejand+,20,0,1727048,113848,88172,S,16.0,0.7,1:30.44,turtles+,0.0112
8893,alejand+,20,0,1727048,113848,88172,S,16.8,0.7,1:30.61,turtles+,0.01176
8893,alejand+,20,0,1727048,113848,88172,S,15.0,0.7,1:30.76,turtles+,0.0105
8893,alejand+,20,0,1727048,113848,88172,S,16.0,0.7,1:30.92,turtles+,0.0112
8893,alejand+,20,0,1727048,113848,88172,S,16.0,0.7,1:31.08,turtles+,0.0112
8893,alejand+,20,0,1727048,113848,88172,S,9.0,0.7,1:31.17,turtles+,0.0063
8893,alejand+,20,0,1727048,113848,88172,S,14.0,0.7,1:31.31,turtles+,0.0098
8893,alejand+,20,0,1727048,113848,88172,S,15.8,0.7,1:31.47,turtles+,0.01106
8893,alejand+,20,0,1727048,113848,88172,S,16.0,0.7,1:31.63,turtles+,0.0112
8893,alejand+,20,0,1727048,113848,88172,S,17.0,0.7,1:31.80,turtles+,0.011899999999999999
8893,alejand+,20,0,1727048,113848,88172,S,17.0,0.7,1:31.97,turtles+,0.011899999999999999
8893,alejand+,20,0,1727048,113848,88172,R,16.0,0.7,1:32.13,turtles+,0.0112
8893,alejand+,20,0,1727048,113848,88172,S,15.0,0.7,1:32.28,turtles+,0.0105
8893,alejand+,20,0,1727048,113848,88172,S,16.0,0.7,1:32.44,turtles+,0.0112
8893,alejand+,20,0,1727048,113848,88172,S,9.9,0.7,1:32.54,turtles+,0.0069299999999999995
8893,alejand+,20,0,1727048,113848,88172,S,2.0,0.7,1:32.56,turtles+,0.0014
8893,alejand+,20,0,1727048,113848,88172,S,2.0,0.7,1:32.58,turtles+,0.0014
8893,alejand+,20,0,1727048,113848,88172,S,3.0,0.7,1:32.61,turtles+,0.0020999999999999994
8893,alejand+,20,0,1727048,113848,88172,S,2.0,0.7,1:32.63,turtles+,0.0014
8893,alejand+,20,0,1727048,113848,88172,S,2.0,0.7,1:32.65,turtles+,0.0014
8893,alejand+,20,0,1727048,113848,88172,S,2.0,0.7,1:32.67,turtles+,0.0014
8893,alejand+,20,0,1727048,113848,88172,S,2.0,0.7,1:32.69,turtles+,0.0014
8893,alejand+,20,0,1727048,113848,88172,S,2.0,0.7,1:32.71,turtles+,0.0014
8893,alejand+,20,0,1727048,113848,88172,S,2.0,0.7,1:32.73,turtles+,0.0014
8893,alejand+,20,0,1727048,113848,88172,S,3.0,0.7,1:32.76,turtles+,0.0020999999999999994
8893,alejand+,20,0,1727048,113848,88172,S,2.0,0.7,1:32.78,turtles+,0.0014
8893,alejand+,20,0,1727048,113848,88172,S,2.0,0.7,1:32.80,turtles+,0.0014
8893,alejand+,20,0,1727048,113848,88172,S,2.0,0.7,1:32.82,turtles+,0.0014
8893,alejand+,20,0,1727048,113848,88172,S,2.0,0.7,1:32.84,turtles+,0.0014
8893,alejand+,20,0,1727048,113848,88172,S,2.0,0.7,1:32.86,turtles+,0.0014
8893,alejand+,20,0,1727048,113848,88172,S,4.0,0.7,1:32.90,turtles+,0.0028
8893,alejand+,20,0,1727048,113848,88172,S,2.0,0.7,1:32.92,turtles+,0.0014
8893,alejand+,20,0,1727048,113848,88172,S,2.0,0.7,1:32.94,turtles+,0.0014
8893,alejand+,20,0,1727048,113848,88172,S,2.0,0.7,1:32.96,turtles+,0.0014
8893,alejand+,20,0,1727048,113848,88172,S,2.0,0.7,1:32.98,turtles+,0.0014
8893,alejand+,20,0,1727048,113848,88172,S,3.0,0.7,1:33.01,turtles+,0.0020999999999999994
8893,alejand+,20,0,1727048,113848,88172,S,2.0,0.7,1:33.03,turtles+,0.0014
8893,alejand+,20,0,1727048,113848,88172,S,2.0,0.7,1:33.05,turtles+,0.0014
8893,alejand+,20,0,1727048,113848,88172,S,2.0,0.7,1:33.07,turtles+,0.0014
8893,alejand+,20,0,1727048,113848,88172,S,2.0,0.7,1:33.09,turtles+,0.0014
8893,alejand+,20,0,1727048,113848,88172,S,2.0,0.7,1:33.11,turtles+,0.0014
8893,alejand+,20,0,1727048,113848,88172,S,3.0,0.7,1:33.14,turtles+,0.0020999999999999994
8893,alejand+,20,0,1727048,113848,88172,S,2.0,0.7,1:33.16,turtles+,0.0014
8893,alejand+,20,0,1727048,113848,88172,S,2.0,0.7,1:33.18,turtles+,0.0014
8893,alejand+,20,0,1727048,113848,88172,S,2.0,0.7,1:33.20,turtles+,0.0014
8893,alejand+,20,0,1727048,113848,88172,S,2.0,0.7,1:33.22,turtles+,0.0014
8893,alejand+,20,0,1727048,113848,88172,S,3.0,0.7,1:33.25,turtles+,0.0020999999999999994
8893,alejand+,20,0,1727048,113848,88172,S,2.0,0.7,1:33.27,turtles+,0.0014
8893,alejand+,20,0,1727048,113848,88172,S,2.0,0.7,1:33.29,turtles+,0.0014
8893,alejand+,20,0,1727048,113848,88172,R,2.0,0.7,1:33.31,turtles+,0.0014
8893,alejand+,20,0,1727048,113848,88172,S,3.0,0.7,1:33.34,turtles+,0.0020999999999999994
8893,alejand+,20,0,1727048,113848,88172,S,2.0,0.7,1:33.36,turtles+,0.0014
8893,alejand+,20,0,1727048,113848,88172,S,2.0,0.7,1:33.38,turtles+,0.0014
8893,alejand+,20,0,1727048,113848,88172,S,2.0,0.7,1:33.40,turtles+,0.0014
8893,alejand+,20,0,1727048,113848,88172,S,2.0,0.7,1:33.42,turtles+,0.0014
8893,alejand+,20,0,1727048,113848,88172,S,3.0,0.7,1:33.45,turtles+,0.0020999999999999994
8893,alejand+,20,0,1727048,113848,88172,S,2.0,0.7,1:33.47,turtles+,0.0014
8893,alejand+,20,0,1727048,113848,88172,S,2.0,0.7,1:33.49,turtles+,0.0014
8893,alejand+,20,0,1727048,113848,88172,S,2.0,0.7,1:33.51,turtles+,0.0014
8893,alejand+,20,0,1727048,113848,88172,S,2.0,0.7,1:33.53,turtles+,0.0014
8893,alejand+,20,0,1727048,113848,88172,S,2.0,0.7,1:33.55,turtles+,0.0014
8893,alejand+,20,0,1727048,113848,88172,S,3.0,0.7,1:33.58,turtles+,0.0020999999999999994
8893,alejand+,20,0,1727048,113848,88172,S,2.0,0.7,1:33.60,turtles+,0.0014
8893,alejand+,20,0,1727048,113848,88172,S,2.0,0.7,1:33.62,turtles+,0.0014
8893,alejand+,20,0,1727048,113848,88172,S,2.0,0.7,1:33.64,turtles+,0.0014
8893,alejand+,20,0,1727048,113848,88172,S,2.0,0.7,1:33.66,turtles+,0.0014
8893,alejand+,20,0,1727048,113848,88172,S,3.0,0.7,1:33.69,turtles+,0.0020999999999999994
8893,alejand+,20,0,1727048,113848,88172,R,2.0,0.7,1:33.71,turtles+,0.0014
8893,alejand+,20,0,1727048,113848,88172,S,3.0,0.7,1:33.74,turtles+,0.0020999999999999994
8893,alejand+,20,0,1727048,113848,88172,S,2.0,0.7,1:33.76,turtles+,0.0014
8893,alejand+,20,0,1727048,113848,88172,S,2.0,0.7,1:33.78,turtles+,0.0014
8893,alejand+,20,0,1727048,113848,88172,S,2.0,0.7,1:33.80,turtles+,0.0014
8893,alejand+,20,0,1727048,113848,88172,R,2.0,0.7,1:33.82,turtles+,0.0014
8893,alejand+,20,0,1727048,113848,88172,S,3.0,0.7,1:33.85,turtles+,0.0020999999999999994
8893,alejand+,20,0,1727048,113848,88172,S,2.0,0.7,1:33.87,turtles+,0.0014
8893,alejand+,20,0,1727048,113848,88172,S,2.0,0.7,1:33.89,turtles+,0.0014
8893,alejand+,20,0,1727048,113848,88172,S,2.0,0.7,1:33.91,turtles+,0.0014
8893,alejand+,20,0,1727048,113848,88172,S,2.0,0.7,1:33.93,turtles+,0.0014
8893,alejand+,20,0,1727048,113848,88172,S,3.0,0.7,1:33.96,turtles+,0.0020999999999999994
8893,alejand+,20,0,1727048,113848,88172,S,2.0,0.7,1:33.98,turtles+,0.0014
8893,alejand+,20,0,1727048,113848,88172,S,2.0,0.7,1:34.00,turtles+,0.0014
8893,alejand+,20,0,1727048,113848,88172,S,2.0,0.7,1:34.02,turtles+,0.0014
8893,alejand+,20,0,1727048,113848,88172,S,2.0,0.7,1:34.04,turtles+,0.0014
8893,alejand+,20,0,1727048,113848,88172,S,3.0,0.7,1:34.07,turtles+,0.0020999999999999994
8893,alejand+,20,0,1727048,113848,88172,S,2.0,0.7,1:34.09,turtles+,0.0014
8893,alejand+,20,0,1727048,113848,88172,S,2.0,0.7,1:34.11,turtles+,0.0014
8893,alejand+,20,0,1727048,113848,88172,S,2.0,0.7,1:34.13,turtles+,0.0014
8893,alejand+,20,0,1727048,113848,88172,S,2.0,0.7,1:34.15,turtles+,0.0014
8893,alejand+,20,0,1727048,113848,88172,S,2.0,0.7,1:34.17,turtles+,0.0014
8893,alejand+,20,0,1727048,113848,88172,S,3.0,0.7,1:34.20,turtles+,0.0020999999999999994
8893,alejand+,20,0,1727048,113848,88172,S,3.0,0.7,1:34.23,turtles+,0.0020999999999999994
8893,alejand+,20,0,1727048,113848,88172,S,2.0,0.7,1:34.25,turtles+,0.0014
8893,alejand+,20,0,1727048,113848,88172,R,2.0,0.7,1:34.27,turtles+,0.0014
8893,alejand+,20,0,1727048,113848,88172,S,2.0,0.7,1:34.29,turtles+,0.0014
8893,alejand+,20,0,1727048,113848,88172,S,2.0,0.7,1:34.31,turtles+,0.0014
8893,alejand+,20,0,1727048,113848,88172,S,3.0,0.7,1:34.34,turtles+,0.0020999999999999994
8893,alejand+,20,0,1727048,113848,88172,S,2.0,0.7,1:34.36,turtles+,0.0014
8893,alejand+,20,0,1727048,113848,88172,S,2.0,0.7,1:34.38,turtles+,0.0014
8893,alejand+,20,0,1727048,113848,88172,S,2.0,0.7,1:34.40,turtles+,0.0014
8893,alejand+,20,0,1727048,113848,88172,S,2.0,0.7,1:34.42,turtles+,0.0014
8893,alejand+,20,0,1727048,113848,88172,S,3.0,0.7,1:34.45,turtles+,0.0020999999999999994
8893,alejand+,20,0,1727048,113848,88172,S,2.0,0.7,1:34.47,turtles+,0.0014
8893,alejand+,20,0,1727048,113848,88172,S,2.0,0.7,1:34.49,turtles+,0.0014
8893,alejand+,20,0,1727048,113848,88172,S,2.0,0.7,1:34.51,turtles+,0.0014
8893,alejand+,20,0,1727048,113848,88172,S,2.0,0.7,1:34.53,turtles+,0.0014
8893,alejand+,20,0,1727048,113848,88172,S,2.0,0.7,1:34.55,turtles+,0.0014
8893,alejand+,20,0,1727048,113848,88172,S,2.0,0.7,1:34.57,turtles+,0.0014
8893,alejand+,20,0,1727048,113848,88172,R,2.0,0.7,1:34.59,turtles+,0.0014
8893,alejand+,20,0,1727048,113848,88172,S,3.0,0.7,1:34.62,turtles+,0.0020999999999999994
8893,alejand+,20,0,1727048,113848,88172,S,3.0,0.7,1:34.65,turtles+,0.0020999999999999994
8893,alejand+,20,0,1727048,113848,88172,S,2.0,0.7,1:34.67,turtles+,0.0014
8893,alejand+,20,0,1727048,113848,88172,S,2.0,0.7,1:34.69,turtles+,0.0014
8893,alejand+,20,0,1727048,113848,88172,S,2.0,0.7,1:34.71,turtles+,0.0014
8893,alejand+,20,0,1727048,113848,88172,S,2.0,0.7,1:34.73,turtles+,0.0014
8893,alejand+,20,0,1727048,113848,88172,S,2.0,0.7,1:34.75,turtles+,0.0014
8893,alejand+,20,0,1727048,113848,88172,S,2.0,0.7,1:34.77,turtles+,0.0014
8893,alejand+,20,0,1727048,113848,88172,S,3.0,0.7,1:34.80,turtles+,0.0020999999999999994
8893,alejand+,20,0,1727048,113848,88172,S,2.0,0.7,1:34.82,turtles+,0.0014
8893,alejand+,20,0,1727048,113848,88172,S,2.0,0.7,1:34.84,turtles+,0.0014
8893,alejand+,20,0,1727048,113848,88172,S,2.0,0.7,1:34.86,turtles+,0.0014
8893,alejand+,20,0,1727048,113848,88172,S,2.0,0.7,1:34.88,turtles+,0.0014
8893,alejand+,20,0,1727048,113848,88172,S,2.0,0.7,1:34.90,turtles+,0.0014
8893,alejand+,20,0,1727048,113848,88172,S,2.0,0.7,1:34.92,turtles+,0.0014
8893,alejand+,20,0,1727048,113848,88172,S,3.0,0.7,1:34.95,turtles+,0.0020999999999999994
8893,alejand+,20,0,1727048,113848,88172,S,2.0,0.7,1:34.97,turtles+,0.0014
8893,alejand+,20,0,1727048,113848,88172,S,2.0,0.7,1:34.99,turtles+,0.0014
8893,alejand+,20,0,1727048,113848,88172,S,3.0,0.7,1:35.02,turtles+,0.0020999999999999994
8893,alejand+,20,0,1727048,113848,88172,S,2.0,0.7,1:35.04,turtles+,0.0014
8893,alejand+,20,0,1727048,113848,88172,S,2.0,0.7,1:35.06,turtles+,0.0014
8893,alejand+,20,0,1727048,113848,88172,R,2.0,0.7,1:35.08,turtles+,0.0014
8893,alejand+,20,0,1727048,113848,88172,S,2.0,0.7,1:35.10,turtles+,0.0014
8893,alejand+,20,0,1727048,113848,88172,S,2.0,0.7,1:35.12,turtles+,0.0014
8893,alejand+,20,0,1727048,113848,88172,S,3.0,0.7,1:35.15,turtles+,0.0020999999999999994
8893,alejand+,20,0,1727048,113848,88172,S,2.0,0.7,1:35.17,turtles+,0.0014
8893,alejand+,20,0,1727048,113848,88172,S,2.0,0.7,1:35.19,turtles+,0.0014
8893,alejand+,20,0,1727048,113848,88172,S,2.0,0.7,1:35.21,turtles+,0.0014
8893,alejand+,20,0,1727048,113848,88172,S,2.0,0.7,1:35.23,turtles+,0.0014
8893,alejand+,20,0,1727048,113848,88172,S,2.0,0.7,1:35.25,turtles+,0.0014
8893,alejand+,20,0,1727048,113848,88172,S,3.0,0.7,1:35.28,turtles+,0.0020999999999999994
8893,alejand+,20,0,1727048,113848,88172,S,3.0,0.7,1:35.31,turtles+,0.0020999999999999994
8893,alejand+,20,0,1727048,113848,88172,S,2.0,0.7,1:35.33,turtles+,0.0014
8893,alejand+,20,0,1727048,113848,88172,S,2.0,0.7,1:35.35,turtles+,0.0014
8893,alejand+,20,0,1727048,113848,88172,S,2.0,0.7,1:35.37,turtles+,0.0014
8893,alejand+,20,0,1727048,113848,88172,S,2.0,0.7,1:35.39,turtles+,0.0014
8893,alejand+,20,0,1727048,113848,88172,S,2.0,0.7,1:35.41,turtles+,0.0014
8893,alejand+,20,0,1727048,113848,88172,S,3.0,0.7,1:35.44,turtles+,0.0020999999999999994
8893,alejand+,20,0,1727048,113848,88172,S,2.0,0.7,1:35.46,turtles+,0.0014
8893,alejand+,20,0,1727048,113848,88172,S,2.0,0.7,1:35.48,turtles+,0.0014
8893,alejand+,20,0,1727048,113848,88172,S,2.0,0.7,1:35.50,turtles+,0.0014
8893,alejand+,20,0,1727048,113848,88172,S,2.0,0.7,1:35.52,turtles+,0.0014
8893,alejand+,20,0,1727048,113848,88172,S,2.0,0.7,1:35.54,turtles+,0.0014
8893,alejand+,20,0,1727048,113848,88172,S,3.0,0.7,1:35.57,turtles+,0.0020999999999999994
8893,alejand+,20,0,1727048,113848,88172,S,2.0,0.7,1:35.59,turtles+,0.0014
8893,alejand+,20,0,1727048,113848,88172,S,3.0,0.7,1:35.62,turtles+,0.0020999999999999994
8893,alejand+,20,0,1727048,113848,88172,S,2.0,0.7,1:35.64,turtles+,0.0014
8893,alejand+,20,0,1727048,113848,88172,S,2.0,0.7,1:35.66,turtles+,0.0014
8893,alejand+,20,0,1727048,113848,88172,S,2.0,0.7,1:35.68,turtles+,0.0014
8893,alejand+,20,0,1727048,113848,88172,S,3.0,0.7,1:35.71,turtles+,0.0020999999999999994
8893,alejand+,20,0,1727048,113848,88172,S,2.0,0.7,1:35.73,turtles+,0.0014
8893,alejand+,20,0,1727048,113848,88172,S,2.0,0.7,1:35.75,turtles+,0.0014
8893,alejand+,20,0,1727048,113848,88172,S,2.0,0.7,1:35.77,turtles+,0.0014
8893,alejand+,20,0,1727048,113848,88172,S,2.0,0.7,1:35.79,turtles+,0.0014
8893,alejand+,20,0,1727048,113848,88172,S,3.0,0.7,1:35.82,turtles+,0.0020999999999999994
8893,alejand+,20,0,1727048,113848,88172,S,2.0,0.7,1:35.84,turtles+,0.0014
8893,alejand+,20,0,1727048,113848,88172,S,2.0,0.7,1:35.86,turtles+,0.0014
8893,alejand+,20,0,1727048,113848,88172,S,2.0,0.7,1:35.88,turtles+,0.0014
8893,alejand+,20,0,1727048,113848,88172,S,3.0,0.7,1:35.91,turtles+,0.0020999999999999994
8893,alejand+,20,0,1727048,113848,88172,S,2.0,0.7,1:35.93,turtles+,0.0014
8893,alejand+,20,0,1727048,113848,88172,S,2.0,0.7,1:35.95,turtles+,0.0014
8893,alejand+,20,0,1727048,113848,88172,S,2.0,0.7,1:35.97,turtles+,0.0014
8893,alejand+,20,0,1727048,113848,88172,S,3.0,0.7,1:36.00,turtles+,0.0020999999999999994
8893,alejand+,20,0,1727048,113848,88172,S,3.0,0.7,1:36.03,turtles+,0.0020999999999999994
8893,alejand+,20,0,1727048,113848,88172,S,2.0,0.7,1:36.05,turtles+,0.0014
8893,alejand+,20,0,1727048,113848,88172,S,2.0,0.7,1:36.07,turtles+,0.0014
8893,alejand+,20,0,1727048,113848,88172,S,2.0,0.7,1:36.09,turtles+,0.0014
8893,alejand+,20,0,1727048,113848,88172,S,2.0,0.7,1:36.11,turtles+,0.0014
8893,alejand+,20,0,1727048,113848,88172,S,3.0,0.7,1:36.14,turtles+,0.0020999999999999994
8893,alejand+,20,0,1727048,113848,88172,S,2.0,0.7,1:36.16,turtles+,0.0014
8893,alejand+,20,0,1727048,113848,88172,S,2.0,0.7,1:36.18,turtles+,0.0014
8893,alejand+,20,0,1727048,113848,88172,S,2.0,0.7,1:36.20,turtles+,0.0014
8893,alejand+,20,0,1727048,113848,88172,S,2.0,0.7,1:36.22,turtles+,0.0014
8893,alejand+,20,0,1727048,113848,88172,S,2.0,0.7,1:36.24,turtles+,0.0014
8893,alejand+,20,0,1727048,113848,88172,R,2.0,0.7,1:36.26,turtles+,0.0014
8893,alejand+,20,0,1727048,113848,88172,S,3.0,0.7,1:36.29,turtles+,0.0020999999999999994
8893,alejand+,20,0,1727048,113848,88172,S,3.0,0.7,1:36.32,turtles+,0.0020999999999999994
8893,alejand+,20,0,1727048,113848,88172,S,2.0,0.7,1:36.34,turtles+,0.0014
8893,alejand+,20,0,1727048,113848,88172,S,2.0,0.7,1:36.36,turtles+,0.0014
8893,alejand+,20,0,1727048,113848,88172,S,2.0,0.7,1:36.38,turtles+,0.0014
8893,alejand+,20,0,1727048,113848,88172,S,2.0,0.7,1:36.40,turtles+,0.0014
8893,alejand+,20,0,1727048,113848,88172,S,3.0,0.7,1:36.43,turtles+,0.0020999999999999994
8893,alejand+,20,0,1727048,113848,88172,S,2.0,0.7,1:36.45,turtles+,0.0014
8893,alejand+,20,0,1727048,113848,88172,S,2.0,0.7,1:36.47,turtles+,0.0014
8893,alejand+,20,0,1727048,113848,88172,R,2.0,0.7,1:36.49,turtles+,0.0014
8893,alejand+,20,0,1727048,113848,88172,S,2.0,0.7,1:36.51,turtles+,0.0014
8893,alejand+,20,0,1727048,113848,88172,S,3.0,0.7,1:36.54,turtles+,0.0020999999999999994
8893,alejand+,20,0,1727048,113848,88172,S,2.0,0.7,1:36.56,turtles+,0.0014
8893,alejand+,20,0,1727048,113848,88172,S,2.0,0.7,1:36.58,turtles+,0.0014
8893,alejand+,20,0,1727048,113848,88172,S,2.0,0.7,1:36.60,turtles+,0.0014
8893,alejand+,20,0,1727048,113848,88172,S,2.0,0.7,1:36.62,turtles+,0.0014
8893,alejand+,20,0,1727048,113848,88172,S,2.0,0.7,1:36.64,turtles+,0.0014
8893,alejand+,20,0,1727048,113848,88172,S,3.0,0.7,1:36.67,turtles+,0.0020999999999999994
8893,alejand+,20,0,1727048,113848,88172,S,2.0,0.7,1:36.69,turtles+,0.0014
8893,alejand+,20,0,1727048,113848,88172,S,3.0,0.7,1:36.72,turtles+,0.0020999999999999994
8893,alejand+,20,0,1727048,113848,88172,S,2.0,0.7,1:36.74,turtles+,0.0014
8893,alejand+,20,0,1727048,113848,88172,S,2.0,0.7,1:36.76,turtles+,0.0014
8893,alejand+,20,0,1727048,113848,88172,S,3.0,0.7,1:36.79,turtles+,0.0020999999999999994
8893,alejand+,20,0,1727048,113848,88172,S,2.0,0.7,1:36.81,turtles+,0.0014
8893,alejand+,20,0,1727048,113848,88172,S,2.0,0.7,1:36.83,turtles+,0.0014
8893,alejand+,20,0,1727048,113848,88172,S,2.0,0.7,1:36.85,turtles+,0.0014
8893,alejand+,20,0,1727048,113848,88172,S,2.0,0.7,1:36.87,turtles+,0.0014
8893,alejand+,20,0,1727048,113848,88172,S,2.0,0.7,1:36.89,turtles+,0.0014
8893,alejand+,20,0,1727048,113848,88172,S,3.0,0.7,1:36.92,turtles+,0.0020999999999999994
8893,alejand+,20,0,1727048,113848,88172,S,2.0,0.7,1:36.94,turtles+,0.0014
8893,alejand+,20,0,1727048,113848,88172,S,2.0,0.7,1:36.96,turtles+,0.0014
8893,alejand+,20,0,1727048,113848,88172,S,2.0,0.7,1:36.98,turtles+,0.0014
8893,alejand+,20,0,1727048,113848,88172,S,2.0,0.7,1:37.00,turtles+,0.0014
8893,alejand+,20,0,1727048,113848,88172,S,3.0,0.7,1:37.03,turtles+,0.0020999999999999994
8893,alejand+,20,0,1727048,113848,88172,S,2.0,0.7,1:37.05,turtles+,0.0014
8893,alejand+,20,0,1727048,113848,88172,S,2.0,0.7,1:37.07,turtles+,0.0014
8893,alejand+,20,0,1727048,113848,88172,S,3.0,0.7,1:37.10,turtles+,0.0020999999999999994
8893,alejand+,20,0,1727048,113848,88172,S,2.0,0.7,1:37.12,turtles+,0.0014
8893,alejand+,20,0,1727048,113848,88172,S,3.0,0.7,1:37.15,turtles+,0.0020999999999999994
8893,alejand+,20,0,1727048,113848,88172,S,2.0,0.7,1:37.17,turtles+,0.0014
8893,alejand+,20,0,1727048,113848,88172,S,2.0,0.7,1:37.19,turtles+,0.0014
8893,alejand+,20,0,1727048,113848,88172,S,2.0,0.7,1:37.21,turtles+,0.0014
8893,alejand+,20,0,1727048,113848,88172,S,3.0,0.7,1:37.24,turtles+,0.0020999999999999994
8893,alejand+,20,0,1727048,113848,88172,S,2.0,0.7,1:37.26,turtles+,0.0014
8893,alejand+,20,0,1727048,113848,88172,S,2.0,0.7,1:37.28,turtles+,0.0014
8893,alejand+,20,0,1727048,113848,88172,S,2.0,0.7,1:37.30,turtles+,0.0014
8893,alejand+,20,0,1727048,113848,88172,S,2.0,0.7,1:37.32,turtles+,0.0014
8893,alejand+,20,0,1727048,113848,88172,S,2.0,0.7,1:37.34,turtles+,0.0014
8893,alejand+,20,0,1727048,113848,88172,S,2.0,0.7,1:37.36,turtles+,0.0014
8893,alejand+,20,0,1727048,113848,88172,S,3.0,0.7,1:37.39,turtles+,0.0020999999999999994
8893,alejand+,20,0,1727048,113848,88172,S,2.0,0.7,1:37.41,turtles+,0.0014
8893,alejand+,20,0,1727048,113848,88172,S,2.0,0.7,1:37.43,turtles+,0.0014
8893,alejand+,20,0,1727048,113848,88172,S,2.0,0.7,1:37.45,turtles+,0.0014
8893,alejand+,20,0,1727048,113848,88172,S,3.0,0.7,1:37.48,turtles+,0.0020999999999999994
8893,alejand+,20,0,1727048,113848,88172,S,3.0,0.7,1:37.51,turtles+,0.0020999999999999994
8893,alejand+,20,0,1727048,113848,88172,S,2.0,0.7,1:37.53,turtles+,0.0014
8893,alejand+,20,0,1727048,113848,88172,S,2.0,0.7,1:37.55,turtles+,0.0014
8893,alejand+,20,0,1727048,113848,88172,S,2.0,0.7,1:37.57,turtles+,0.0014
8893,alejand+,20,0,1727048,113848,88172,S,2.0,0.7,1:37.59,turtles+,0.0014
8893,alejand+,20,0,1727048,113848,88172,S,3.0,0.7,1:37.62,turtles+,0.0020999999999999994
8893,alejand+,20,0,1727048,113848,88172,S,2.0,0.7,1:37.64,turtles+,0.0014
8893,alejand+,20,0,1727048,113848,88172,S,2.0,0.7,1:37.66,turtles+,0.0014
8893,alejand+,20,0,1727048,113848,88172,S,2.0,0.7,1:37.68,turtles+,0.0014
8893,alejand+,20,0,1727048,113848,88172,S,3.0,0.7,1:37.71,turtles+,0.0020999999999999994
8893,alejand+,20,0,1727048,113848,88172,S,2.0,0.7,1:37.73,turtles+,0.0014
8893,alejand+,20,0,1727048,113848,88172,S,2.0,0.7,1:37.75,turtles+,0.0014
8893,alejand+,20,0,1727048,113848,88172,S,2.0,0.7,1:37.77,turtles+,0.0014
8893,alejand+,20,0,1727048,113848,88172,S,2.0,0.7,1:37.79,turtles+,0.0014
8893,alejand+,20,0,1727048,113848,88172,S,3.0,0.7,1:37.82,turtles+,0.0020999999999999994
8893,alejand+,20,0,1727048,113848,88172,S,2.0,0.7,1:37.84,turtles+,0.0014
8893,alejand+,20,0,1727048,113848,88172,S,2.0,0.7,1:37.86,turtles+,0.0014
8893,alejand+,20,0,1727048,113848,88172,S,2.0,0.7,1:37.88,turtles+,0.0014
8893,alejand+,20,0,1727048,113848,88172,S,3.0,0.7,1:37.91,turtles+,0.0020999999999999994
8893,alejand+,20,0,1727048,113848,88172,S,2.0,0.7,1:37.93,turtles+,0.0014
8893,alejand+,20,0,1727048,113848,88172,S,2.0,0.7,1:37.95,turtles+,0.0014
8893,alejand+,20,0,1727048,113848,88172,S,2.0,0.7,1:37.97,turtles+,0.0014
8893,alejand+,20,0,1727048,113848,88172,S,3.0,0.7,1:38.00,turtles+,0.0020999999999999994
8893,alejand+,20,0,1727048,113848,88172,S,2.0,0.7,1:38.02,turtles+,0.0014
8893,alejand+,20,0,1727048,113848,88172,S,3.0,0.7,1:38.05,turtles+,0.0020999999999999994
8893,alejand+,20,0,1727048,113848,88172,S,2.0,0.7,1:38.07,turtles+,0.0014
8893,alejand+,20,0,1727048,113848,88172,R,2.0,0.7,1:38.09,turtles+,0.0014
8893,alejand+,20,0,1727048,113848,88172,S,2.0,0.7,1:38.11,turtles+,0.0014
8893,alejand+,20,0,1727048,113848,88172,S,2.0,0.7,1:38.13,turtles+,0.0014
8893,alejand+,20,0,1727048,113848,88172,S,3.0,0.7,1:38.16,turtles+,0.0020999999999999994
8893,alejand+,20,0,1727048,113848,88172,S,0.0,0.7,1:38.16,turtles+,0.0
8893,alejand+,20,0,1727048,113848,88172,R,2.0,0.7,1:38.18,turtles+,0.0014
8893,alejand+,20,0,1727048,113848,88172,S,2.0,0.7,1:38.20,turtles+,0.0014
8893,alejand+,20,0,1727048,113848,88172,S,2.0,0.7,1:38.22,turtles+,0.0014
8893,alejand+,20,0,1727048,113848,88172,S,2.0,0.7,1:38.24,turtles+,0.0014
8893,alejand+,20,0,1727048,113848,88172,S,2.0,0.7,1:38.26,turtles+,0.0014
8893,alejand+,20,0,1727048,113848,88172,S,3.0,0.7,1:38.29,turtles+,0.0020999999999999994
8893,alejand+,20,0,1727048,113848,88172,S,2.0,0.7,1:38.31,turtles+,0.0014
8893,alejand+,20,0,1727048,113848,88172,S,2.0,0.7,1:38.33,turtles+,0.0014
8893,alejand+,20,0,1727048,113848,88172,S,2.0,0.7,1:38.35,turtles+,0.0014
